Label,Kingdom,Phylum,Class,Order,Family,Genus,Species,Abundance,Cluster,isHub
k__Bacteria|p__Firmicutes|c__Bacilli|o__Lactobacillales|f__Streptococcaceae|g__Streptococcus|s__Streptococcus_oralis,Bacteria,Firmicutes,Bacilli,Lactobacillales,Streptococcaceae,Streptococcus,Streptococcus_oralis,1.2349230859168286e-5,11,0
k__Bacteria|p__Firmicutes|c__Clostridia|o__Clostridiales|f__Ruminococcaceae|g__Ruminococcaceae_unclassified|s__Eubacterium_siraeum,Bacteria,Firmicutes,Clostridia,Clostridiales,Ruminococcaceae,Ruminococcaceae_unclassified,Eubacterium_siraeum,0.015612658977546939,3,0
k__Bacteria|p__Proteobacteria|c__Betaproteobacteria|o__Burkholderiales|f__Oxalobacteraceae|g__Oxalobacter|s__Oxalobacter_formigenes,Bacteria,Proteobacteria,Betaproteobacteria,Burkholderiales,Oxalobacteraceae,Oxalobacter,Oxalobacter_formigenes,1.8919366600177645e-4,7,0
k__Bacteria|p__Firmicutes|c__Clostridia|o__Clostridiales|f__Ruminococcaceae|g__Ruminococcus|s__Ruminococcus_callidus,Bacteria,Firmicutes,Clostridia,Clostridiales,Ruminococcaceae,Ruminococcus,Ruminococcus_callidus,1.6051328387551054e-4,4,0
k__Bacteria|p__Firmicutes|c__Clostridia|o__Clostridiales|f__Lachnospiraceae|g__Coprococcus|s__Coprococcus_eutactus,Bacteria,Firmicutes,Clostridia,Clostridiales,Lachnospiraceae,Coprococcus,Coprococcus_eutactus,0.010056042221588924,3,0
k__Bacteria|p__Proteobacteria|c__Gammaproteobacteria|o__Pasteurellales|f__Pasteurellaceae|g__Haemophilus|s__Haemophilus_sp_HMSC71H05,Bacteria,Proteobacteria,Gammaproteobacteria,Pasteurellales,Pasteurellaceae,Haemophilus,Haemophilus_sp_HMSC71H05,1.8249950613779747e-4,8,0
k__Bacteria|p__Bacteroidetes|c__Bacteroidia|o__Bacteroidales|f__Prevotellaceae|g__Prevotella|s__Prevotella_sp_CAG_5226,Bacteria,Bacteroidetes,Bacteroidia,Bacteroidales,Prevotellaceae,Prevotella,Prevotella_sp_CAG_5226,0.0012235537470966533,5,0
k__Bacteria|p__Firmicutes|c__Erysipelotrichia|o__Erysipelotrichales|f__Erysipelotrichaceae|g__Catenibacterium|s__Catenibacterium_mitsuokai,Bacteria,Firmicutes,Erysipelotrichia,Erysipelotrichales,Erysipelotrichaceae,Catenibacterium,Catenibacterium_mitsuokai,9.8866197794133e-4,4,0
k__Bacteria|p__Firmicutes|c__Clostridia|o__Clostridiales|f__Clostridiaceae|g__Clostridium|s__Clostridium_sp_CAG_253,Bacteria,Firmicutes,Clostridia,Clostridiales,Clostridiaceae,Clostridium,Clostridium_sp_CAG_253,2.1985145096827498e-4,2,0
k__Bacteria|p__Firmicutes|c__Clostridia|o__Clostridiales|f__Ruminococcaceae|g__Ruthenibacterium|s__Ruthenibacterium_lactatiformans,Bacteria,Firmicutes,Clostridia,Clostridiales,Ruminococcaceae,Ruthenibacterium,Ruthenibacterium_lactatiformans,0.002400991182849636,5,0
k__Bacteria|p__Firmicutes|c__Clostridia|o__Clostridiales|f__Ruminococcaceae|g__Ruminococcus|s__Ruminococcus_bromii,Bacteria,Firmicutes,Clostridia,Clostridiales,Ruminococcaceae,Ruminococcus,Ruminococcus_bromii,0.02729087443173244,5,0
k__Bacteria|p__Bacteroidetes|c__Bacteroidia|o__Bacteroidales|f__Prevotellaceae|g__Prevotella|s__Prevotella_bivia,Bacteria,Bacteroidetes,Bacteroidia,Bacteroidales,Prevotellaceae,Prevotella,Prevotella_bivia,4.8427139852582235e-6,10,0
k__Bacteria|p__Firmicutes|c__Firmicutes_unclassified|o__Firmicutes_unclassified|f__Firmicutes_unclassified|g__Firmicutes_unclassified|s__Firmicutes_bacterium_CAG_145,Bacteria,Firmicutes,Firmicutes_unclassified,Firmicutes_unclassified,Firmicutes_unclassified,Firmicutes_unclassified,Firmicutes_bacterium_CAG_145,2.977713122694915e-4,5,0
k__Bacteria|p__Firmicutes|c__Bacilli|o__Lactobacillales|f__Streptococcaceae|g__Streptococcus|s__Streptococcus_australis,Bacteria,Firmicutes,Bacilli,Lactobacillales,Streptococcaceae,Streptococcus,Streptococcus_australis,2.2458865404579775e-5,11,0
k__Bacteria|p__Firmicutes|c__Clostridia|o__Clostridiales|f__Lachnospiraceae|g__Lachnospiraceae_unclassified|s__Eubacterium_rectale,Bacteria,Firmicutes,Clostridia,Clostridiales,Lachnospiraceae,Lachnospiraceae_unclassified,Eubacterium_rectale,0.020354846892334078,5,0
k__Bacteria|p__Firmicutes|c__Bacilli|o__Lactobacillales|f__Lactobacillaceae|g__Lactobacillus|s__Lactobacillus_delbrueckii,Bacteria,Firmicutes,Bacilli,Lactobacillales,Lactobacillaceae,Lactobacillus,Lactobacillus_delbrueckii,8.026225302430154e-5,9,0
k__Bacteria|p__Firmicutes|c__Bacilli|o__Bacillales|f__Bacillales_unclassified|g__Gemella|s__Gemella_haemolysans,Bacteria,Firmicutes,Bacilli,Bacillales,Bacillales_unclassified,Gemella,Gemella_haemolysans,5.410265762995242e-6,11,0
k__Bacteria|p__Firmicutes|c__Bacilli|o__Lactobacillales|f__Streptococcaceae|g__Streptococcus|s__Streptococcus_anginosus_group,Bacteria,Firmicutes,Bacilli,Lactobacillales,Streptococcaceae,Streptococcus,Streptococcus_anginosus_group,7.653184046290769e-5,1,0
k__Bacteria|p__Firmicutes|c__Clostridia|o__Clostridiales|f__Lachnospiraceae|g__Roseburia|s__Roseburia_sp_CAG_182,Bacteria,Firmicutes,Clostridia,Clostridiales,Lachnospiraceae,Roseburia,Roseburia_sp_CAG_182,0.0010200299379275577,1,0
k__Bacteria|p__Firmicutes|c__Clostridia|o__Clostridiales|f__Ruminococcaceae|g__Gemmiger|s__Gemmiger_formicilis,Bacteria,Firmicutes,Clostridia,Clostridiales,Ruminococcaceae,Gemmiger,Gemmiger_formicilis,0.003638498588936091,1,0
k__Bacteria|p__Firmicutes|c__Clostridia|o__Clostridiales|f__Clostridiaceae|g__Clostridium|s__Clostridium_sp_CAG_964,Bacteria,Firmicutes,Clostridia,Clostridiales,Clostridiaceae,Clostridium,Clostridium_sp_CAG_964,1.6474438767733425e-4,2,0
k__Bacteria|p__Firmicutes|c__Clostridia|o__Clostridiales|f__Ruminococcaceae|g__Ruminococcus|s__Ruminococcus_bicirculans,Bacteria,Firmicutes,Clostridia,Clostridiales,Ruminococcaceae,Ruminococcus,Ruminococcus_bicirculans,0.01068190548389288,1,0
k__Bacteria|p__Firmicutes|c__Clostridia|o__Clostridiales|f__Lachnospiraceae|g__Roseburia|s__Roseburia_hominis,Bacteria,Firmicutes,Clostridia,Clostridiales,Lachnospiraceae,Roseburia,Roseburia_hominis,0.006455224190605112,6,0
k__Bacteria|p__Firmicutes|c__Negativicutes|o__Acidaminococcales|f__Acidaminococcaceae|g__Acidaminococcus|s__Acidaminococcus_intestini,Bacteria,Firmicutes,Negativicutes,Acidaminococcales,Acidaminococcaceae,Acidaminococcus,Acidaminococcus_intestini,0.00253807110502309,10,0
k__Bacteria|p__Firmicutes|c__Clostridia|o__Clostridiales|f__Lachnospiraceae|g__Coprococcus|s__Coprococcus_catus,Bacteria,Firmicutes,Clostridia,Clostridiales,Lachnospiraceae,Coprococcus,Coprococcus_catus,0.0014131485162800534,4,0
k__Bacteria|p__Actinobacteria|c__Coriobacteriia|o__Eggerthellales|f__Eggerthellaceae|g__Asaccharobacter|s__Asaccharobacter_celatus,Bacteria,Actinobacteria,Coriobacteriia,Eggerthellales,Eggerthellaceae,Asaccharobacter,Asaccharobacter_celatus,8.50381915077091e-4,1,0
k__Bacteria|p__Firmicutes|c__Erysipelotrichia|o__Erysipelotrichales|f__Erysipelotrichaceae|g__Holdemania|s__Holdemania_filiformis,Bacteria,Firmicutes,Erysipelotrichia,Erysipelotrichales,Erysipelotrichaceae,Holdemania,Holdemania_filiformis,1.6857544823563745e-4,1,0
k__Bacteria|p__Firmicutes|c__Bacilli|o__Lactobacillales|f__Lactobacillaceae|g__Lactobacillus|s__Lactobacillus_ruminis,Bacteria,Firmicutes,Bacilli,Lactobacillales,Lactobacillaceae,Lactobacillus,Lactobacillus_ruminis,2.493428973648437e-5,7,0
k__Bacteria|p__Proteobacteria|c__Deltaproteobacteria|o__Desulfovibrionales|f__Desulfovibrionaceae|g__Desulfovibrionaceae_unclassified|s__Desulfovibrionaceae_bacterium,Bacteria,Proteobacteria,Deltaproteobacteria,Desulfovibrionales,Desulfovibrionaceae,Desulfovibrionaceae_unclassified,Desulfovibrionaceae_bacterium,2.6975555336300206e-4,4,0
k__Bacteria|p__Actinobacteria|c__Coriobacteriia|o__Eggerthellales|f__Eggerthellaceae|g__Enterorhabdus|s__Enterorhabdus_caecimuris,Bacteria,Actinobacteria,Coriobacteriia,Eggerthellales,Eggerthellaceae,Enterorhabdus,Enterorhabdus_caecimuris,4.301014740763296e-5,11,0
k__Bacteria|p__Firmicutes|c__Clostridia|o__Clostridiales|f__Ruminococcaceae|g__Flavonifractor|s__Flavonifractor_sp_An100,Bacteria,Firmicutes,Clostridia,Clostridiales,Ruminococcaceae,Flavonifractor,Flavonifractor_sp_An100,1.7522359528129652e-5,10,0
k__Bacteria|p__Firmicutes|c__Clostridia|o__Clostridiales|f__Lachnospiraceae|g__Lachnoclostridium|s__Clostridium_aldenense,Bacteria,Firmicutes,Clostridia,Clostridiales,Lachnospiraceae,Lachnoclostridium,Clostridium_aldenense,3.090020385365397e-6,10,0
k__Bacteria|p__Firmicutes|c__Clostridia|o__Clostridiales|f__Ruminococcaceae|g__Ruminococcus|s__Ruminococcus_sp_CAG_579,Bacteria,Firmicutes,Clostridia,Clostridiales,Ruminococcaceae,Ruminococcus,Ruminococcus_sp_CAG_579,2.1186748298389793e-4,12,0
k__Bacteria|p__Bacteroidetes|c__Bacteroidia|o__Bacteroidales|f__Bacteroidaceae|g__Bacteroides|s__Bacteroides_sp_OM08_11,Bacteria,Bacteroidetes,Bacteroidia,Bacteroidales,Bacteroidaceae,Bacteroides,Bacteroides_sp_OM08_11,4.0083201479739194e-4,7,0
k__Bacteria|p__Proteobacteria|c__Gammaproteobacteria|o__Enterobacterales|f__Enterobacteriaceae|g__Raoultella|s__Raoultella_ornithinolytica,Bacteria,Proteobacteria,Gammaproteobacteria,Enterobacterales,Enterobacteriaceae,Raoultella,Raoultella_ornithinolytica,4.29605727097246e-5,12,0
k__Eukaryota|p__Eukaryota_unclassified|c__Eukaryota_unclassified|o__Eukaryota_unclassified|f__Eukaryota_unclassified|g__Blastocystis|s__Blastocystis_sp_subtype_1,Eukaryota,Eukaryota_unclassified,Eukaryota_unclassified,Eukaryota_unclassified,Eukaryota_unclassified,Blastocystis,Blastocystis_sp_subtype_1,3.5219918317030545e-4,8,0
k__Bacteria|p__Proteobacteria|c__Gammaproteobacteria|o__Enterobacterales|f__Enterobacteriaceae|g__Citrobacter|s__Citrobacter_braakii,Bacteria,Proteobacteria,Gammaproteobacteria,Enterobacterales,Enterobacteriaceae,Citrobacter,Citrobacter_braakii,2.822488256866433e-5,9,0
k__Bacteria|p__Firmicutes|c__Clostridia|o__Clostridiales|f__Lachnospiraceae|g__Lachnoclostridium|s__Clostridium_clostridioforme,Bacteria,Firmicutes,Clostridia,Clostridiales,Lachnospiraceae,Lachnoclostridium,Clostridium_clostridioforme,4.3844318028596793e-5,6,0
k__Bacteria|p__Firmicutes|c__Bacilli|o__Lactobacillales|f__Leuconostocaceae|g__Leuconostoc|s__Leuconostoc_mesenteroides,Bacteria,Firmicutes,Bacilli,Lactobacillales,Leuconostocaceae,Leuconostoc,Leuconostoc_mesenteroides,3.929405124962731e-6,10,0
k__Bacteria|p__Firmicutes|c__Clostridia|o__Clostridiales|f__Clostridiaceae|g__Clostridium|s__Clostridium_sp_CAG_167,Bacteria,Firmicutes,Clostridia,Clostridiales,Clostridiaceae,Clostridium,Clostridium_sp_CAG_167,0.0021587291852641446,3,0
k__Bacteria|p__Firmicutes|c__Negativicutes|o__Acidaminococcales|f__Acidaminococcaceae|g__Acidaminococcus|s__Acidaminococcus_sp_CAG_542,Bacteria,Firmicutes,Negativicutes,Acidaminococcales,Acidaminococcaceae,Acidaminococcus,Acidaminococcus_sp_CAG_542,1.0651441100691258e-6,10,0
k__Bacteria|p__Bacteroidetes|c__Bacteroidia|o__Bacteroidales|f__Bacteroidaceae|g__Bacteroides|s__Bacteroides_fluxus,Bacteria,Bacteroidetes,Bacteroidia,Bacteroidales,Bacteroidaceae,Bacteroides,Bacteroides_fluxus,2.9963953510677165e-4,5,0
k__Bacteria|p__Bacteroidetes|c__Bacteroidia|o__Bacteroidales|f__Barnesiellaceae|g__Barnesiella|s__Barnesiella_intestinihominis,Bacteria,Bacteroidetes,Bacteroidia,Bacteroidales,Barnesiellaceae,Barnesiella,Barnesiella_intestinihominis,0.014708852092504133,3,0
k__Bacteria|p__Firmicutes|c__Erysipelotrichia|o__Erysipelotrichales|f__Erysipelotrichaceae|g__Erysipelatoclostridium|s__Erysipelatoclostridium_ramosum,Bacteria,Firmicutes,Erysipelotrichia,Erysipelotrichales,Erysipelotrichaceae,Erysipelatoclostridium,Erysipelatoclostridium_ramosum,8.313407953419021e-5,1,0
k__Bacteria|p__Actinobacteria|c__Coriobacteriia|o__Eggerthellales|f__Eggerthellaceae|g__Slackia|s__Slackia_isoflavoniconvertens,Bacteria,Actinobacteria,Coriobacteriia,Eggerthellales,Eggerthellaceae,Slackia,Slackia_isoflavoniconvertens,0.0012328304995407769,3,0
k__Bacteria|p__Proteobacteria|c__Deltaproteobacteria|o__Desulfovibrionales|f__Desulfovibrionaceae|g__Desulfovibrio|s__Desulfovibrio_fairfieldensis,Bacteria,Proteobacteria,Deltaproteobacteria,Desulfovibrionales,Desulfovibrionaceae,Desulfovibrio,Desulfovibrio_fairfieldensis,6.500173854888712e-7,10,0
k__Bacteria|p__Firmicutes|c__Bacilli|o__Lactobacillales|f__Lactobacillaceae|g__Lactobacillus|s__Lactobacillus_rhamnosus,Bacteria,Firmicutes,Bacilli,Lactobacillales,Lactobacillaceae,Lactobacillus,Lactobacillus_rhamnosus,7.150545655516737e-6,11,0
k__Bacteria|p__Firmicutes|c__Negativicutes|o__Selenomonadales|f__Selenomonadaceae|g__Megamonas|s__Megamonas_funiformis,Bacteria,Firmicutes,Negativicutes,Selenomonadales,Selenomonadaceae,Megamonas,Megamonas_funiformis,1.7953031492413433e-5,4,0
k__Bacteria|p__Actinobacteria|c__Coriobacteriia|o__Coriobacteriales|f__Coriobacteriaceae|g__Enorma|s__Enorma_massiliensis,Bacteria,Actinobacteria,Coriobacteriia,Coriobacteriales,Coriobacteriaceae,Enorma,Enorma_massiliensis,4.4288510802555615e-5,4,0
k__Bacteria|p__Bacteroidetes|c__Bacteroidia|o__Bacteroidales|f__Prevotellaceae|g__Prevotella|s__Prevotella_sp_CAG_755,Bacteria,Bacteroidetes,Bacteroidia,Bacteroidales,Prevotellaceae,Prevotella,Prevotella_sp_CAG_755,5.01338584171612e-4,7,0
k__Bacteria|p__Firmicutes|c__Clostridia|o__Clostridiales|f__Catabacteriaceae|g__Catabacter|s__Catabacter_hongkongensis,Bacteria,Firmicutes,Clostridia,Clostridiales,Catabacteriaceae,Catabacter,Catabacter_hongkongensis,4.832984592642926e-6,10,0
k__Bacteria|p__Firmicutes|c__Clostridia|o__Clostridiales|f__Clostridiales_unclassified|g__Monoglobus|s__Monoglobus_pectinilyticus,Bacteria,Firmicutes,Clostridia,Clostridiales,Clostridiales_unclassified,Monoglobus,Monoglobus_pectinilyticus,3.862658526000341e-4,1,0
k__Bacteria|p__Firmicutes|c__Clostridia|o__Clostridiales|f__Ruminococcaceae|g__Ruminococcaceae_unclassified|s__Clostridium_methylpentosum,Bacteria,Firmicutes,Clostridia,Clostridiales,Ruminococcaceae,Ruminococcaceae_unclassified,Clostridium_methylpentosum,1.1288282824114224e-5,11,0
k__Bacteria|p__Firmicutes|c__Negativicutes|o__Acidaminococcales|f__Acidaminococcaceae|g__Phascolarctobacterium|s__Phascolarctobacterium_succinatutens,Bacteria,Firmicutes,Negativicutes,Acidaminococcales,Acidaminococcaceae,Phascolarctobacterium,Phascolarctobacterium_succinatutens,0.008383558141244184,4,0
k__Bacteria|p__Firmicutes|c__Negativicutes|o__Veillonellales|f__Veillonellaceae|g__Veillonella|s__Veillonella_sp_T11011_6,Bacteria,Firmicutes,Negativicutes,Veillonellales,Veillonellaceae,Veillonella,Veillonella_sp_T11011_6,1.3753514920990924e-5,8,0
k__Bacteria|p__Firmicutes|c__Erysipelotrichia|o__Erysipelotrichales|f__Erysipelotrichaceae|g__Coprobacillus|s__Coprobacillus_cateniformis,Bacteria,Firmicutes,Erysipelotrichia,Erysipelotrichales,Erysipelotrichaceae,Coprobacillus,Coprobacillus_cateniformis,1.1265093689828855e-4,7,0
k__Bacteria|p__Bacteroidetes|c__Bacteroidia|o__Bacteroidales|f__Bacteroidaceae|g__Bacteroides|s__Bacteroides_galacturonicus,Bacteria,Bacteroidetes,Bacteroidia,Bacteroidales,Bacteroidaceae,Bacteroides,Bacteroides_galacturonicus,2.170038579882418e-4,3,0
k__Bacteria|p__Firmicutes|c__Bacilli|o__Lactobacillales|f__Streptococcaceae|g__Streptococcus|s__Streptococcus_mutans,Bacteria,Firmicutes,Bacilli,Lactobacillales,Streptococcaceae,Streptococcus,Streptococcus_mutans,1.50278753141619e-4,1,0
k__Bacteria|p__Firmicutes|c__Erysipelotrichia|o__Erysipelotrichales|f__Erysipelotrichaceae|g__Erysipelatoclostridium|s__Clostridium_spiroforme,Bacteria,Firmicutes,Erysipelotrichia,Erysipelotrichales,Erysipelotrichaceae,Erysipelatoclostridium,Clostridium_spiroforme,1.8114492403687547e-4,5,0
k__Bacteria|p__Bacteroidetes|c__Bacteroidia|o__Bacteroidales|f__Bacteroidaceae|g__Bacteroides|s__Bacteroides_fragilis,Bacteria,Bacteroidetes,Bacteroidia,Bacteroidales,Bacteroidaceae,Bacteroides,Bacteroides_fragilis,0.0021171151131990674,5,0
k__Bacteria|p__Bacteroidetes|c__Bacteroidia|o__Bacteroidales|f__Prevotellaceae|g__Prevotella|s__Prevotella_sp_CAG_1124,Bacteria,Bacteroidetes,Bacteroidia,Bacteroidales,Prevotellaceae,Prevotella,Prevotella_sp_CAG_1124,0.004900996904503813,8,0
k__Bacteria|p__Firmicutes|c__Erysipelotrichia|o__Erysipelotrichales|f__Erysipelotrichaceae|g__Absiella|s__Absiella_dolichum,Bacteria,Firmicutes,Erysipelotrichia,Erysipelotrichales,Erysipelotrichaceae,Absiella,Absiella_dolichum,5.8776247815409836e-5,11,0
k__Bacteria|p__Proteobacteria|c__Gammaproteobacteria|o__Aeromonadales|f__Succinivibrionaceae|g__Anaerobiospirillum|s__Anaerobiospirillum_thomasii,Bacteria,Proteobacteria,Gammaproteobacteria,Aeromonadales,Succinivibrionaceae,Anaerobiospirillum,Anaerobiospirillum_thomasii,6.961307324122553e-6,10,0
k__Bacteria|p__Proteobacteria|c__Deltaproteobacteria|o__Desulfovibrionales|f__Desulfovibrionaceae|g__Desulfovibrio|s__Desulfovibrio_piger,Bacteria,Proteobacteria,Deltaproteobacteria,Desulfovibrionales,Desulfovibrionaceae,Desulfovibrio,Desulfovibrio_piger,0.0017728279422497438,4,0
k__Bacteria|p__Firmicutes|c__Negativicutes|o__Veillonellales|f__Veillonellaceae|g__Dialister|s__Dialister_invisus,Bacteria,Firmicutes,Negativicutes,Veillonellales,Veillonellaceae,Dialister,Dialister_invisus,0.002412715142022751,7,0
k__Bacteria|p__Firmicutes|c__Bacilli|o__Lactobacillales|f__Streptococcaceae|g__Streptococcus|s__Streptococcus_salivarius,Bacteria,Firmicutes,Bacilli,Lactobacillales,Streptococcaceae,Streptococcus,Streptococcus_salivarius,9.471491989270147e-4,1,1
k__Bacteria|p__Actinobacteria|c__Actinobacteria|o__Bifidobacteriales|f__Bifidobacteriaceae|g__Bifidobacterium|s__Bifidobacterium_bifidum,Bacteria,Actinobacteria,Actinobacteria,Bifidobacteriales,Bifidobacteriaceae,Bifidobacterium,Bifidobacterium_bifidum,0.0019444128716824,1,0
k__Bacteria|p__Firmicutes|c__Clostridia|o__Clostridiales|f__Lachnospiraceae|g__Butyrivibrio|s__Butyrivibrio_sp_CAG_318,Bacteria,Firmicutes,Clostridia,Clostridiales,Lachnospiraceae,Butyrivibrio,Butyrivibrio_sp_CAG_318,0.007470156655364057,3,0
k__Bacteria|p__Firmicutes|c__Clostridia|o__Clostridiales|f__Lachnospiraceae|g__Roseburia|s__Roseburia_sp_CAG_471,Bacteria,Firmicutes,Clostridia,Clostridiales,Lachnospiraceae,Roseburia,Roseburia_sp_CAG_471,7.295603583207599e-4,1,0
k__Bacteria|p__Bacteroidetes|c__Bacteroidia|o__Bacteroidales|f__Rikenellaceae|g__Alistipes|s__Alistipes_finegoldii,Bacteria,Bacteroidetes,Bacteroidia,Bacteroidales,Rikenellaceae,Alistipes,Alistipes_finegoldii,0.008627929877817353,5,0
k__Bacteria|p__Bacteroidetes|c__Bacteroidia|o__Bacteroidales|f__Bacteroidaceae|g__Bacteroides|s__Bacteroides_dorei,Bacteria,Bacteroidetes,Bacteroidia,Bacteroidales,Bacteroidaceae,Bacteroides,Bacteroides_dorei,0.02372559072186783,5,0
k__Bacteria|p__Bacteroidetes|c__Bacteroidia|o__Bacteroidales|f__Barnesiellaceae|g__Coprobacter|s__Coprobacter_secundus,Bacteria,Bacteroidetes,Bacteroidia,Bacteroidales,Barnesiellaceae,Coprobacter,Coprobacter_secundus,4.462189926838406e-4,7,0
k__Bacteria|p__Bacteroidetes|c__Bacteroidia|o__Bacteroidales|f__Bacteroidaceae|g__Bacteroides|s__Bacteroides_plebeius,Bacteria,Bacteroidetes,Bacteroidia,Bacteroidales,Bacteroidaceae,Bacteroides,Bacteroides_plebeius,0.012615874960675087,7,0
k__Bacteria|p__Proteobacteria|c__Gammaproteobacteria|o__Enterobacterales|f__Hafniaceae|g__Hafnia|s__Hafnia_alvei,Bacteria,Proteobacteria,Gammaproteobacteria,Enterobacterales,Hafniaceae,Hafnia,Hafnia_alvei,3.124647681014974e-4,7,0
k__Bacteria|p__Firmicutes|c__Clostridia|o__Clostridiales|f__Clostridiaceae|g__Clostridium|s__Clostridium_sp_CAG_590,Bacteria,Firmicutes,Clostridia,Clostridiales,Clostridiaceae,Clostridium,Clostridium_sp_CAG_590,4.5455739199551636e-4,7,0
k__Bacteria|p__Actinobacteria|c__Actinobacteria|o__Actinomycetales|f__Actinomycetaceae|g__Actinomyces|s__Actinomyces_sp_ICM47,Bacteria,Actinobacteria,Actinobacteria,Actinomycetales,Actinomycetaceae,Actinomyces,Actinomyces_sp_ICM47,2.1339990015350234e-5,11,0
k__Bacteria|p__Actinobacteria|c__Actinobacteria|o__Actinomycetales|f__Actinomycetaceae|g__Actinomyces|s__Actinomyces_naeslundii,Bacteria,Actinobacteria,Actinobacteria,Actinomycetales,Actinomycetaceae,Actinomyces,Actinomyces_naeslundii,1.5309970794942972e-6,11,0
k__Bacteria|p__Actinobacteria|c__Actinobacteria|o__Bifidobacteriales|f__Bifidobacteriaceae|g__Bifidobacterium|s__Bifidobacterium_adolescentis,Bacteria,Actinobacteria,Actinobacteria,Bifidobacteriales,Bifidobacteriaceae,Bifidobacterium,Bifidobacterium_adolescentis,0.007059573430397177,8,0
k__Bacteria|p__Bacteroidetes|c__Bacteroidia|o__Bacteroidales|f__Bacteroidaceae|g__Bacteroides|s__Bacteroides_sp_CAG_633,Bacteria,Bacteroidetes,Bacteroidia,Bacteroidales,Bacteroidaceae,Bacteroides,Bacteroides_sp_CAG_633,6.816993450004457e-5,3,0
k__Bacteria|p__Bacteroidetes|c__Bacteroidia|o__Bacteroidales|f__Prevotellaceae|g__Prevotella|s__Prevotella_copri,Bacteria,Bacteroidetes,Bacteroidia,Bacteroidales,Prevotellaceae,Prevotella,Prevotella_copri,0.07797500719469667,10,0
k__Bacteria|p__Proteobacteria|c__Gammaproteobacteria|o__Enterobacterales|f__Enterobacteriaceae|g__Citrobacter|s__Citrobacter_freundii,Bacteria,Proteobacteria,Gammaproteobacteria,Enterobacterales,Enterobacteriaceae,Citrobacter,Citrobacter_freundii,3.916022998440262e-5,3,0
k__Bacteria|p__Firmicutes|c__Clostridia|o__Clostridiales|f__Clostridiales_Family_XIII_Incertae_Sedis|g__Mogibacterium|s__Mogibacterium_diversum,Bacteria,Firmicutes,Clostridia,Clostridiales,Clostridiales_Family_XIII_Incertae_Sedis,Mogibacterium,Mogibacterium_diversum,4.957858071017659e-6,11,0
k__Bacteria|p__Firmicutes|c__Clostridia|o__Clostridiales|f__Lachnospiraceae|g__Blautia|s__Blautia_obeum,Bacteria,Firmicutes,Clostridia,Clostridiales,Lachnospiraceae,Blautia,Blautia_obeum,0.0033776107259887393,1,0
k__Bacteria|p__Firmicutes|c__Clostridia|o__Clostridiales|f__Lachnospiraceae|g__Lachnoclostridium|s__Clostridium_citroniae,Bacteria,Firmicutes,Clostridia,Clostridiales,Lachnospiraceae,Lachnoclostridium,Clostridium_citroniae,1.500426644542599e-4,6,0
k__Bacteria|p__Firmicutes|c__Clostridia|o__Clostridiales|f__Ruminococcaceae|g__Ruminococcus|s__Ruminococcus_lactaris,Bacteria,Firmicutes,Clostridia,Clostridiales,Ruminococcaceae,Ruminococcus,Ruminococcus_lactaris,0.0052015447985223505,1,0
k__Bacteria|p__Firmicutes|c__Bacilli|o__Lactobacillales|f__Lactobacillaceae|g__Lactobacillus|s__Lactobacillus_acidophilus,Bacteria,Firmicutes,Bacilli,Lactobacillales,Lactobacillaceae,Lactobacillus,Lactobacillus_acidophilus,3.8029110192084627e-6,10,0
k__Bacteria|p__Bacteroidetes|c__Bacteroidia|o__Bacteroidales|f__Prevotellaceae|g__Prevotella|s__Prevotella_sp_CAG_617,Bacteria,Bacteroidetes,Bacteroidia,Bacteroidales,Prevotellaceae,Prevotella,Prevotella_sp_CAG_617,5.303928236918943e-4,7,0
k__Bacteria|p__Bacteroidetes|c__Bacteroidia|o__Bacteroidales|f__Odoribacteraceae|g__Odoribacter|s__Odoribacter_splanchnicus,Bacteria,Bacteroidetes,Bacteroidia,Bacteroidales,Odoribacteraceae,Odoribacter,Odoribacter_splanchnicus,0.007400152077407954,3,1
k__Bacteria|p__Proteobacteria|c__Gammaproteobacteria|o__Pasteurellales|f__Pasteurellaceae|g__Haemophilus|s__Haemophilus_pittmaniae,Bacteria,Proteobacteria,Gammaproteobacteria,Pasteurellales,Pasteurellaceae,Haemophilus,Haemophilus_pittmaniae,9.000752242638352e-6,10,0
k__Bacteria|p__Actinobacteria|c__Actinobacteria|o__Actinomycetales|f__Actinomycetaceae|g__Actinomyces|s__Actinomyces_graevenitzii,Bacteria,Actinobacteria,Actinobacteria,Actinomycetales,Actinomycetaceae,Actinomyces,Actinomyces_graevenitzii,1.0458424479391295e-5,11,0
k__Bacteria|p__Firmicutes|c__Negativicutes|o__Veillonellales|f__Veillonellaceae|g__Megasphaera|s__Megasphaera_sp_DISK_18,Bacteria,Firmicutes,Negativicutes,Veillonellales,Veillonellaceae,Megasphaera,Megasphaera_sp_DISK_18,4.4937944120399243e-7,10,0
k__Bacteria|p__Firmicutes|c__Bacilli|o__Bacillales|f__Bacillales_unclassified|g__Gemella|s__Gemella_sanguinis,Bacteria,Firmicutes,Bacilli,Bacillales,Bacillales_unclassified,Gemella,Gemella_sanguinis,3.2220957389072066e-5,11,0
k__Bacteria|p__Bacteroidetes|c__Bacteroidia|o__Bacteroidales|f__Prevotellaceae|g__Prevotella|s__Prevotella_sp_CAG_485,Bacteria,Bacteroidetes,Bacteroidia,Bacteroidales,Prevotellaceae,Prevotella,Prevotella_sp_CAG_485,0.0011214262250163805,8,0
k__Bacteria|p__Bacteroidetes|c__Bacteroidia|o__Bacteroidales|f__Bacteroidaceae|g__Bacteroides|s__Bacteroides_coprophilus,Bacteria,Bacteroidetes,Bacteroidia,Bacteroidales,Bacteroidaceae,Bacteroides,Bacteroides_coprophilus,4.2333372586028146e-4,3,0
k__Bacteria|p__Firmicutes|c__Clostridia|o__Clostridiales|f__Eubacteriaceae|g__Eubacterium|s__Eubacterium_sp_CAG_251,Bacteria,Firmicutes,Clostridia,Clostridiales,Eubacteriaceae,Eubacterium,Eubacterium_sp_CAG_251,0.0017663953618316177,4,0
k__Bacteria|p__Firmicutes|c__Clostridia|o__Clostridiales|f__Ruminococcaceae|g__Anaeromassilibacillus|s__Anaeromassilibacillus_sp_An250,Bacteria,Firmicutes,Clostridia,Clostridiales,Ruminococcaceae,Anaeromassilibacillus,Anaeromassilibacillus_sp_An250,2.1580744910735858e-4,5,0
k__Bacteria|p__Bacteroidetes|c__Bacteroidia|o__Bacteroidales|f__Rikenellaceae|g__Alistipes|s__Alistipes_indistinctus,Bacteria,Bacteroidetes,Bacteroidia,Bacteroidales,Rikenellaceae,Alistipes,Alistipes_indistinctus,0.001914063137662704,8,0
k__Bacteria|p__Firmicutes|c__Negativicutes|o__Selenomonadales|f__Selenomonadaceae|g__Megamonas|s__Megamonas_funiformis_CAG_377,Bacteria,Firmicutes,Negativicutes,Selenomonadales,Selenomonadaceae,Megamonas,Megamonas_funiformis_CAG_377,3.0915012556735263e-6,10,0
k__Bacteria|p__Proteobacteria|c__Betaproteobacteria|o__Burkholderiales|f__Sutterellaceae|g__Turicimonas|s__Turicimonas_muris,Bacteria,Proteobacteria,Betaproteobacteria,Burkholderiales,Sutterellaceae,Turicimonas,Turicimonas_muris,3.0699320333158733e-4,3,0
k__Bacteria|p__Firmicutes|c__Clostridia|o__Clostridiales|f__Lachnospiraceae|g__Roseburia|s__Roseburia_sp_CAG_309,Bacteria,Firmicutes,Clostridia,Clostridiales,Lachnospiraceae,Roseburia,Roseburia_sp_CAG_309,4.374472108272077e-4,8,0
k__Bacteria|p__Firmicutes|c__Firmicutes_unclassified|o__Firmicutes_unclassified|f__Firmicutes_unclassified|g__Firmicutes_unclassified|s__Firmicutes_bacterium_CAG_534,Bacteria,Firmicutes,Firmicutes_unclassified,Firmicutes_unclassified,Firmicutes_unclassified,Firmicutes_unclassified,Firmicutes_bacterium_CAG_534,0.0017429816476139974,7,0
k__Bacteria|p__Firmicutes|c__Clostridia|o__Clostridiales|f__Ruminococcaceae|g__Ruminococcus|s__Ruminococcus_sp_CAG_563,Bacteria,Firmicutes,Clostridia,Clostridiales,Ruminococcaceae,Ruminococcus,Ruminococcus_sp_CAG_563,1.0181791813877632e-4,4,0
k__Bacteria|p__Firmicutes|c__Bacilli|o__Lactobacillales|f__Streptococcaceae|g__Streptococcus|s__Streptococcus_mitis,Bacteria,Firmicutes,Bacilli,Lactobacillales,Streptococcaceae,Streptococcus,Streptococcus_mitis,2.316794141347747e-5,11,0
k__Bacteria|p__Proteobacteria|c__Betaproteobacteria|o__Burkholderiales|f__Sutterellaceae|g__Parasutterella|s__Parasutterella_excrementihominis,Bacteria,Proteobacteria,Betaproteobacteria,Burkholderiales,Sutterellaceae,Parasutterella,Parasutterella_excrementihominis,0.0036091193871072144,3,0
k__Bacteria|p__Firmicutes|c__Negativicutes|o__Selenomonadales|f__Selenomonadaceae|g__Mitsuokella|s__Mitsuokella_jalaludinii,Bacteria,Firmicutes,Negativicutes,Selenomonadales,Selenomonadaceae,Mitsuokella,Mitsuokella_jalaludinii,3.200256217418841e-4,3,0
k__Bacteria|p__Bacteroidetes|c__Bacteroidia|o__Bacteroidales|f__Prevotellaceae|g__Paraprevotella|s__Paraprevotella_clara,Bacteria,Bacteroidetes,Bacteroidia,Bacteroidales,Prevotellaceae,Paraprevotella,Paraprevotella_clara,9.875738950864083e-5,5,0
k__Bacteria|p__Firmicutes|c__Clostridia|o__Clostridiales|f__Ruminococcaceae|g__Agathobaculum|s__Agathobaculum_butyriciproducens,Bacteria,Firmicutes,Clostridia,Clostridiales,Ruminococcaceae,Agathobaculum,Agathobaculum_butyriciproducens,0.0030893507989713663,1,0
k__Bacteria|p__Bacteroidetes|c__Bacteroidia|o__Bacteroidales|f__Bacteroidaceae|g__Bacteroides|s__Bacteroides_vulgatus,Bacteria,Bacteroidetes,Bacteroidia,Bacteroidales,Bacteroidaceae,Bacteroides,Bacteroides_vulgatus,0.05756059614129614,6,0
k__Bacteria|p__Bacteroidetes|c__Bacteroidia|o__Bacteroidales|f__Prevotellaceae|g__Prevotella|s__Prevotella_corporis,Bacteria,Bacteroidetes,Bacteroidia,Bacteroidales,Prevotellaceae,Prevotella,Prevotella_corporis,1.6440245274333042e-5,10,0
k__Bacteria|p__Verrucomicrobia|c__Verrucomicrobiae|o__Verrucomicrobiales|f__Akkermansiaceae|g__Akkermansia|s__Akkermansia_muciniphila,Bacteria,Verrucomicrobia,Verrucomicrobiae,Verrucomicrobiales,Akkermansiaceae,Akkermansia,Akkermansia_muciniphila,0.026040166083128067,5,0
k__Archaea|p__Euryarchaeota|c__Methanobacteria|o__Methanobacteriales|f__Methanobacteriaceae|g__Methanosphaera|s__Methanosphaera_stadtmanae,Archaea,Euryarchaeota,Methanobacteria,Methanobacteriales,Methanobacteriaceae,Methanosphaera,Methanosphaera_stadtmanae,4.389655188547524e-4,7,0
k__Bacteria|p__Firmicutes|c__Clostridia|o__Clostridiales|f__Clostridiaceae|g__Hungatella|s__Hungatella_hathewayi,Bacteria,Firmicutes,Clostridia,Clostridiales,Clostridiaceae,Hungatella,Hungatella_hathewayi,2.093609166476182e-5,10,0
k__Bacteria|p__Firmicutes|c__Clostridia|o__Clostridiales|f__Lachnospiraceae|g__Lachnoclostridium|s__Clostridium_asparagiforme,Bacteria,Firmicutes,Clostridia,Clostridiales,Lachnospiraceae,Lachnoclostridium,Clostridium_asparagiforme,1.701722896547961e-5,10,0
k__Bacteria|p__Firmicutes|c__Clostridia|o__Clostridiales|f__Eubacteriaceae|g__Eubacterium|s__Eubacterium_dolichum_CAG_375,Bacteria,Firmicutes,Clostridia,Clostridiales,Eubacteriaceae,Eubacterium,Eubacterium_dolichum_CAG_375,5.864614310510637e-5,11,0
k__Bacteria|p__Bacteroidetes|c__Bacteroidia|o__Bacteroidales|f__Prevotellaceae|g__Prevotella|s__Prevotella_sp_CAG_873,Bacteria,Bacteroidetes,Bacteroidia,Bacteroidales,Prevotellaceae,Prevotella,Prevotella_sp_CAG_873,0.005875794988690896,3,0
k__Bacteria|p__Proteobacteria|c__Gammaproteobacteria|o__Enterobacterales|f__Hafniaceae|g__Hafnia|s__Hafnia_paralvei,Bacteria,Proteobacteria,Gammaproteobacteria,Enterobacterales,Hafniaceae,Hafnia,Hafnia_paralvei,2.676175060395943e-4,12,0
k__Bacteria|p__Firmicutes|c__Clostridia|o__Clostridiales|f__Peptostreptococcaceae|g__Intestinibacter|s__Intestinibacter_bartlettii,Bacteria,Firmicutes,Clostridia,Clostridiales,Peptostreptococcaceae,Intestinibacter,Intestinibacter_bartlettii,4.182825424154035e-4,1,0
k__Bacteria|p__Firmicutes|c__Bacilli|o__Lactobacillales|f__Lactobacillaceae|g__Lactobacillus|s__Lactobacillus_sakei,Bacteria,Firmicutes,Bacilli,Lactobacillales,Lactobacillaceae,Lactobacillus,Lactobacillus_sakei,9.603311324128991e-7,10,0
k__Bacteria|p__Firmicutes|c__Clostridia|o__Clostridiales|f__Eubacteriaceae|g__Eubacterium|s__Eubacterium_eligens,Bacteria,Firmicutes,Clostridia,Clostridiales,Eubacteriaceae,Eubacterium,Eubacterium_eligens,0.02233844065242672,3,0
k__Bacteria|p__Bacteroidetes|c__Bacteroidia|o__Bacteroidales|f__Bacteroidaceae|g__Bacteroides|s__Bacteroides_eggerthii,Bacteria,Bacteroidetes,Bacteroidia,Bacteroidales,Bacteroidaceae,Bacteroides,Bacteroides_eggerthii,0.008257886611808736,8,0
k__Bacteria|p__Firmicutes|c__Clostridia|o__Clostridiales|f__Ruminococcaceae|g__Anaerotruncus|s__Anaerotruncus_sp_CAG_528,Bacteria,Firmicutes,Clostridia,Clostridiales,Ruminococcaceae,Anaerotruncus,Anaerotruncus_sp_CAG_528,0.0017531407050525726,7,0
k__Bacteria|p__Firmicutes|c__Negativicutes|o__Veillonellales|f__Veillonellaceae|g__Veillonella|s__Veillonella_infantium,Bacteria,Firmicutes,Negativicutes,Veillonellales,Veillonellaceae,Veillonella,Veillonella_infantium,3.191127770921054e-5,8,0
k__Bacteria|p__Firmicutes|c__Bacilli|o__Lactobacillales|f__Lactobacillaceae|g__Lactobacillus|s__Lactobacillus_plantarum,Bacteria,Firmicutes,Bacilli,Lactobacillales,Lactobacillaceae,Lactobacillus,Lactobacillus_plantarum,1.6960232349867343e-5,9,0
k__Bacteria|p__Proteobacteria|c__Proteobacteria_unclassified|o__Proteobacteria_unclassified|f__Proteobacteria_unclassified|g__Proteobacteria_unclassified|s__Proteobacteria_bacterium_CAG_139,Bacteria,Proteobacteria,Proteobacteria_unclassified,Proteobacteria_unclassified,Proteobacteria_unclassified,Proteobacteria_unclassified,Proteobacteria_bacterium_CAG_139,0.0013958876816038935,5,0
k__Bacteria|p__Actinobacteria|c__Actinobacteria|o__Bifidobacteriales|f__Bifidobacteriaceae|g__Bifidobacterium|s__Bifidobacterium_longum,Bacteria,Actinobacteria,Actinobacteria,Bifidobacteriales,Bifidobacteriaceae,Bifidobacterium,Bifidobacterium_longum,0.004657335332272915,1,0
k__Bacteria|p__Firmicutes|c__Clostridia|o__Clostridiales|f__Lachnospiraceae|g__Blautia|s__Blautia_wexlerae,Bacteria,Firmicutes,Clostridia,Clostridiales,Lachnospiraceae,Blautia,Blautia_wexlerae,0.0013302242395063003,2,0
k__Bacteria|p__Firmicutes|c__Firmicutes_unclassified|o__Firmicutes_unclassified|f__Firmicutes_unclassified|g__Firmicutes_unclassified|s__Firmicutes_bacterium_CAG_83,Bacteria,Firmicutes,Firmicutes_unclassified,Firmicutes_unclassified,Firmicutes_unclassified,Firmicutes_unclassified,Firmicutes_bacterium_CAG_83,0.004376180397383351,5,0
k__Bacteria|p__Bacteroidetes|c__Bacteroidia|o__Bacteroidales|f__Rikenellaceae|g__Alistipes|s__Alistipes_shahii,Bacteria,Bacteroidetes,Bacteroidia,Bacteroidales,Rikenellaceae,Alistipes,Alistipes_shahii,0.0032105364125172347,3,0
k__Bacteria|p__Firmicutes|c__Clostridia|o__Clostridiales|f__Lachnospiraceae|g__Blautia|s__Blautia_sp_CAG_257,Bacteria,Firmicutes,Clostridia,Clostridiales,Lachnospiraceae,Blautia,Blautia_sp_CAG_257,3.086071643529564e-5,11,0
k__Bacteria|p__Firmicutes|c__Clostridia|o__Clostridiales|f__Ruminococcaceae|g__Anaerotruncus|s__Anaerotruncus_colihominis,Bacteria,Firmicutes,Clostridia,Clostridiales,Ruminococcaceae,Anaerotruncus,Anaerotruncus_colihominis,3.7919542797393554e-5,10,1
k__Bacteria|p__Firmicutes|c__Clostridia|o__Clostridiales|f__Eubacteriaceae|g__Eubacterium|s__Eubacterium_ventriosum,Bacteria,Firmicutes,Clostridia,Clostridiales,Eubacteriaceae,Eubacterium,Eubacterium_ventriosum,0.0010182072354062994,5,0
k__Bacteria|p__Firmicutes|c__Bacilli|o__Lactobacillales|f__Streptococcaceae|g__Streptococcus|s__Streptococcus_sanguinis,Bacteria,Firmicutes,Bacilli,Lactobacillales,Streptococcaceae,Streptococcus,Streptococcus_sanguinis,2.1899674155836995e-5,11,0
k__Bacteria|p__Firmicutes|c__Negativicutes|o__Veillonellales|f__Veillonellaceae|g__Veillonella|s__Veillonella_parvula,Bacteria,Firmicutes,Negativicutes,Veillonellales,Veillonellaceae,Veillonella,Veillonella_parvula,1.9432791472124536e-4,8,0
k__Bacteria|p__Firmicutes|c__Clostridia|o__Clostridiales|f__Lachnospiraceae|g__Blautia|s__Blautia_producta,Bacteria,Firmicutes,Clostridia,Clostridiales,Lachnospiraceae,Blautia,Blautia_producta,2.7844517854325095e-6,10,0
k__Bacteria|p__Firmicutes|c__Erysipelotrichia|o__Erysipelotrichales|f__Erysipelotrichaceae|g__Turicibacter|s__Turicibacter_sanguinis,Bacteria,Firmicutes,Erysipelotrichia,Erysipelotrichales,Erysipelotrichaceae,Turicibacter,Turicibacter_sanguinis,2.054000529620717e-4,4,0
k__Bacteria|p__Firmicutes|c__Negativicutes|o__Acidaminococcales|f__Acidaminococcaceae|g__Phascolarctobacterium|s__Phascolarctobacterium_faecium,Bacteria,Firmicutes,Negativicutes,Acidaminococcales,Acidaminococcaceae,Phascolarctobacterium,Phascolarctobacterium_faecium,0.002846944999948563,8,0
k__Bacteria|p__Firmicutes|c__Clostridia|o__Clostridiales|f__Clostridiaceae|g__Clostridium|s__Clostridium_bolteae_CAG_59,Bacteria,Firmicutes,Clostridia,Clostridiales,Clostridiaceae,Clostridium,Clostridium_bolteae_CAG_59,1.68891724066868e-6,10,1
k__Bacteria|p__Candidatus_Melainabacteria|c__Candidatus_Melainabacteria_unclassified|o__Candidatus_Gastranaerophilales|f__Candidatus_Gastranaerophilales_unclassified|g__Candidatus_Gastranaerophilales_unclassified|s__Candidatus_Gastranaerophilales_bacterium,Bacteria,Candidatus_Melainabacteria,Candidatus_Melainabacteria_unclassified,Candidatus_Gastranaerophilales,Candidatus_Gastranaerophilales_unclassified,Candidatus_Gastranaerophilales_unclassified,Candidatus_Gastranaerophilales_bacterium,1.3447083904065144e-4,2,0
k__Bacteria|p__Firmicutes|c__Clostridia|o__Clostridiales|f__Eubacteriaceae|g__Eubacterium|s__Eubacterium_sp_CAG_38,Bacteria,Firmicutes,Clostridia,Clostridiales,Eubacteriaceae,Eubacterium,Eubacterium_sp_CAG_38,0.0035566523428544414,1,0
k__Bacteria|p__Firmicutes|c__Bacilli|o__Lactobacillales|f__Streptococcaceae|g__Lactococcus|s__Lactococcus_lactis,Bacteria,Firmicutes,Bacilli,Lactobacillales,Streptococcaceae,Lactococcus,Lactococcus_lactis,4.775287169883853e-4,7,0
k__Bacteria|p__Proteobacteria|c__Deltaproteobacteria|o__Desulfovibrionales|f__Desulfovibrionaceae|g__Bilophila|s__Bilophila_wadsworthia,Bacteria,Proteobacteria,Deltaproteobacteria,Desulfovibrionales,Desulfovibrionaceae,Bilophila,Bilophila_wadsworthia,6.706690674283962e-4,2,0
k__Bacteria|p__Firmicutes|c__Clostridia|o__Clostridiales|f__Eubacteriaceae|g__Eubacteriaceae_unclassified|s__Eubacteriaceae_bacterium_CHKCI005,Bacteria,Firmicutes,Clostridia,Clostridiales,Eubacteriaceae,Eubacteriaceae_unclassified,Eubacteriaceae_bacterium_CHKCI005,8.8595648988467e-6,10,1
k__Bacteria|p__Bacteroidetes|c__Bacteroidia|o__Bacteroidales|f__Bacteroidaceae|g__Bacteroides|s__Bacteroides_faecis_CAG_32,Bacteria,Bacteroidetes,Bacteroidia,Bacteroidales,Bacteroidaceae,Bacteroides,Bacteroides_faecis_CAG_32,8.025713548558494e-4,5,0
k__Bacteria|p__Firmicutes|c__Clostridia|o__Clostridiales|f__Clostridiales_unclassified|g__Clostridiales_unclassified|s__Clostridiales_bacterium_1_7_47FAA,Bacteria,Firmicutes,Clostridia,Clostridiales,Clostridiales_unclassified,Clostridiales_unclassified,Clostridiales_bacterium_1_7_47FAA,3.0332098401583432e-6,10,0
k__Bacteria|p__Bacteroidetes|c__Bacteroidia|o__Bacteroidales|f__Rikenellaceae|g__Alistipes|s__Alistipes_timonensis,Bacteria,Bacteroidetes,Bacteroidia,Bacteroidales,Rikenellaceae,Alistipes,Alistipes_timonensis,8.362610140455213e-5,8,0
k__Bacteria|p__Actinobacteria|c__Coriobacteriia|o__Coriobacteriales|f__Coriobacteriaceae|g__Collinsella|s__Collinsella_intestinalis,Bacteria,Actinobacteria,Coriobacteriia,Coriobacteriales,Coriobacteriaceae,Collinsella,Collinsella_intestinalis,2.8239299986448953e-5,11,1
k__Bacteria|p__Actinobacteria|c__Actinobacteria|o__Actinomycetales|f__Actinomycetaceae|g__Actinomyces|s__Actinomyces_sp_HMSC035G02,Bacteria,Actinobacteria,Actinobacteria,Actinomycetales,Actinomycetaceae,Actinomyces,Actinomyces_sp_HMSC035G02,1.0180378966249799e-5,11,0
k__Bacteria|p__Bacteroidetes|c__Bacteroidia|o__Bacteroidales|f__Bacteroidaceae|g__Bacteroides|s__Bacteroides_salyersiae,Bacteria,Bacteroidetes,Bacteroidia,Bacteroidales,Bacteroidaceae,Bacteroides,Bacteroides_salyersiae,0.0010443421206708177,5,0
k__Bacteria|p__Bacteroidetes|c__Bacteroidia|o__Bacteroidales|f__Prevotellaceae|g__Prevotella|s__Prevotella_sp_CAG_1092,Bacteria,Bacteroidetes,Bacteroidia,Bacteroidales,Prevotellaceae,Prevotella,Prevotella_sp_CAG_1092,1.645434689168734e-4,4,0
k__Bacteria|p__Firmicutes|c__Negativicutes|o__Veillonellales|f__Veillonellaceae|g__Veillonella|s__Veillonella_atypica,Bacteria,Firmicutes,Negativicutes,Veillonellales,Veillonellaceae,Veillonella,Veillonella_atypica,7.655232334438448e-5,8,0
k__Bacteria|p__Firmicutes|c__Negativicutes|o__Veillonellales|f__Veillonellaceae|g__Dialister|s__Dialister_succinatiphilus,Bacteria,Firmicutes,Negativicutes,Veillonellales,Veillonellaceae,Dialister,Dialister_succinatiphilus,4.898940073229016e-4,7,1
k__Bacteria|p__Firmicutes|c__Clostridia|o__Clostridiales|f__Lachnospiraceae|g__Dorea|s__Dorea_sp_CAG_317,Bacteria,Firmicutes,Clostridia,Clostridiales,Lachnospiraceae,Dorea,Dorea_sp_CAG_317,2.019144232051413e-4,7,1
k__Bacteria|p__Bacteroidetes|c__Bacteroidia|o__Bacteroidales|f__Bacteroidaceae|g__Bacteroides|s__Bacteroides_uniformis,Bacteria,Bacteroidetes,Bacteroidia,Bacteroidales,Bacteroidaceae,Bacteroides,Bacteroides_uniformis,0.06752409559551689,5,0
k__Bacteria|p__Firmicutes|c__Clostridia|o__Clostridiales|f__Lachnospiraceae|g__Roseburia|s__Roseburia_sp_CAG_303,Bacteria,Firmicutes,Clostridia,Clostridiales,Lachnospiraceae,Roseburia,Roseburia_sp_CAG_303,3.4523407257853865e-4,7,0
k__Bacteria|p__Bacteroidetes|c__Bacteroidia|o__Bacteroidales|f__Prevotellaceae|g__Prevotella|s__Prevotella_sp_AM42_24,Bacteria,Bacteroidetes,Bacteroidia,Bacteroidales,Prevotellaceae,Prevotella,Prevotella_sp_AM42_24,0.0023237980404083505,7,0
k__Bacteria|p__Firmicutes|c__Bacilli|o__Lactobacillales|f__Streptococcaceae|g__Streptococcus|s__Streptococcus_thermophilus,Bacteria,Firmicutes,Bacilli,Lactobacillales,Streptococcaceae,Streptococcus,Streptococcus_thermophilus,0.001704523154689234,7,0
k__Bacteria|p__Actinobacteria|c__Actinobacteria|o__Bifidobacteriales|f__Bifidobacteriaceae|g__Bifidobacterium|s__Bifidobacterium_dentium,Bacteria,Actinobacteria,Actinobacteria,Bifidobacteriales,Bifidobacteriaceae,Bifidobacterium,Bifidobacterium_dentium,1.4990578463909085e-4,1,0
k__Bacteria|p__Firmicutes|c__Negativicutes|o__Acidaminococcales|f__Acidaminococcaceae|g__Phascolarctobacterium|s__Phascolarctobacterium_sp_CAG_266,Bacteria,Firmicutes,Negativicutes,Acidaminococcales,Acidaminococcaceae,Phascolarctobacterium,Phascolarctobacterium_sp_CAG_266,0.0020074733351666853,7,0
k__Bacteria|p__Firmicutes|c__Clostridia|o__Clostridiales|f__Christensenellaceae|g__Christensenella|s__Christensenella_minuta,Bacteria,Firmicutes,Clostridia,Clostridiales,Christensenellaceae,Christensenella,Christensenella_minuta,1.3400829521585846e-5,11,0
k__Bacteria|p__Actinobacteria|c__Actinobacteria|o__Actinomycetales|f__Actinomycetaceae|g__Actinomyces|s__Actinomyces_sp_HPA0247,Bacteria,Actinobacteria,Actinobacteria,Actinomycetales,Actinomycetaceae,Actinomyces,Actinomyces_sp_HPA0247,1.2102975282983998e-5,11,0
k__Bacteria|p__Firmicutes|c__Clostridia|o__Clostridiales|f__Clostridiales_unclassified|g__Clostridiales_unclassified|s__Bacteroides_pectinophilus,Bacteria,Firmicutes,Clostridia,Clostridiales,Clostridiales_unclassified,Clostridiales_unclassified,Bacteroides_pectinophilus,0.0018446020716570049,7,0
k__Bacteria|p__Bacteroidetes|c__Bacteroidia|o__Bacteroidales|f__Prevotellaceae|g__Prevotella|s__Prevotella_sp_CAG_279,Bacteria,Bacteroidetes,Bacteroidia,Bacteroidales,Prevotellaceae,Prevotella,Prevotella_sp_CAG_279,0.004014635106119902,5,0
k__Bacteria|p__Firmicutes|c__Negativicutes|o__Veillonellales|f__Veillonellaceae|g__Veillonella|s__Veillonella_rogosae,Bacteria,Firmicutes,Negativicutes,Veillonellales,Veillonellaceae,Veillonella,Veillonella_rogosae,2.1078290929119843e-6,10,0
k__Bacteria|p__Firmicutes|c__Clostridia|o__Clostridiales|f__Clostridiaceae|g__Clostridium|s__Clostridium_sp_CAG_411,Bacteria,Firmicutes,Clostridia,Clostridiales,Clostridiaceae,Clostridium,Clostridium_sp_CAG_411,1.2843469030807527e-4,7,0
k__Bacteria|p__Firmicutes|c__Bacilli|o__Lactobacillales|f__Streptococcaceae|g__Streptococcus|s__Streptococcus_sp_A12,Bacteria,Firmicutes,Bacilli,Lactobacillales,Streptococcaceae,Streptococcus,Streptococcus_sp_A12,5.814911388370433e-6,10,1
k__Bacteria|p__Bacteroidetes|c__Bacteroidia|o__Bacteroidales|f__Bacteroidaceae|g__Bacteroides|s__Bacteroides_ovatus,Bacteria,Bacteroidetes,Bacteroidia,Bacteroidales,Bacteroidaceae,Bacteroides,Bacteroides_ovatus,0.006376247305739744,6,0
k__Bacteria|p__Bacteroidetes|c__Bacteroidia|o__Bacteroidales|f__Barnesiellaceae|g__Coprobacter|s__Coprobacter_fastidiosus,Bacteria,Bacteroidetes,Bacteroidia,Bacteroidales,Barnesiellaceae,Coprobacter,Coprobacter_fastidiosus,0.0018561007308443777,3,0
k__Bacteria|p__Bacteroidetes|c__Bacteroidia|o__Bacteroidales|f__Prevotellaceae|g__Prevotella|s__Prevotella_sp_CAG_520,Bacteria,Bacteroidetes,Bacteroidia,Bacteroidales,Prevotellaceae,Prevotella,Prevotella_sp_CAG_520,0.001920852784396298,3,0
k__Bacteria|p__Bacteroidetes|c__Bacteroidia|o__Bacteroidales|f__Tannerellaceae|g__Parabacteroides|s__Parabacteroides_distasonis,Bacteria,Bacteroidetes,Bacteroidia,Bacteroidales,Tannerellaceae,Parabacteroides,Parabacteroides_distasonis,0.014297528037564103,5,0
k__Bacteria|p__Firmicutes|c__Bacilli|o__Lactobacillales|f__Streptococcaceae|g__Streptococcus|s__Streptococcus_infantis,Bacteria,Firmicutes,Bacilli,Lactobacillales,Streptococcaceae,Streptococcus,Streptococcus_infantis,6.080238566036097e-6,10,0
k__Bacteria|p__Bacteroidetes|c__Bacteroidia|o__Bacteroidales|f__Bacteroidaceae|g__Bacteroides|s__Bacteroides_faecichinchillae,Bacteria,Bacteroidetes,Bacteroidia,Bacteroidales,Bacteroidaceae,Bacteroides,Bacteroides_faecichinchillae,4.163967773050846e-6,10,0
k__Bacteria|p__Firmicutes|c__Clostridia|o__Clostridiales|f__Lachnospiraceae|g__Lachnoclostridium|s__Clostridium_lavalense,Bacteria,Firmicutes,Clostridia,Clostridiales,Lachnospiraceae,Lachnoclostridium,Clostridium_lavalense,4.7884946495984546e-5,6,0
k__Bacteria|p__Firmicutes|c__Bacilli|o__Lactobacillales|f__Streptococcaceae|g__Streptococcus|s__Streptococcus_vestibularis,Bacteria,Firmicutes,Bacilli,Lactobacillales,Streptococcaceae,Streptococcus,Streptococcus_vestibularis,1.591796355674698e-5,8,0
k__Bacteria|p__Firmicutes|c__Clostridia|o__Clostridiales|f__Eubacteriaceae|g__Eubacterium|s__Eubacterium_ramulus,Bacteria,Firmicutes,Clostridia,Clostridiales,Eubacteriaceae,Eubacterium,Eubacterium_ramulus,0.0010325622042875588,2,0
k__Bacteria|p__Firmicutes|c__Clostridia|o__Clostridiales|f__Eubacteriaceae|g__Anaerofustis|s__Anaerofustis_stercorihominis,Bacteria,Firmicutes,Clostridia,Clostridiales,Eubacteriaceae,Anaerofustis,Anaerofustis_stercorihominis,5.69141848710374e-6,11,0
k__Bacteria|p__Bacteroidetes|c__Bacteroidia|o__Bacteroidales|f__Tannerellaceae|g__Parabacteroides|s__Parabacteroides_gordonii,Bacteria,Bacteroidetes,Bacteroidia,Bacteroidales,Tannerellaceae,Parabacteroides,Parabacteroides_gordonii,2.401507132602844e-5,8,0
k__Bacteria|p__Firmicutes|c__Firmicutes_unclassified|o__Firmicutes_unclassified|f__Firmicutes_unclassified|g__Firmicutes_unclassified|s__Firmicutes_bacterium_CAG_555,Bacteria,Firmicutes,Firmicutes_unclassified,Firmicutes_unclassified,Firmicutes_unclassified,Firmicutes_unclassified,Firmicutes_bacterium_CAG_555,5.036282117630307e-4,5,1
k__Bacteria|p__Firmicutes|c__Clostridia|o__Clostridiales|f__Clostridiaceae|g__Clostridium|s__Clostridium_disporicum,Bacteria,Firmicutes,Clostridia,Clostridiales,Clostridiaceae,Clostridium,Clostridium_disporicum,2.0925845051166861e-4,9,0
k__Bacteria|p__Firmicutes|c__Clostridia|o__Clostridiales|f__Clostridiaceae|g__Clostridium|s__Clostridium_sp_CAG_299,Bacteria,Firmicutes,Clostridia,Clostridiales,Clostridiaceae,Clostridium,Clostridium_sp_CAG_299,4.36243956291229e-6,10,0
k__Bacteria|p__Firmicutes|c__Clostridia|o__Clostridiales|f__Lachnospiraceae|g__Fusicatenibacter|s__Fusicatenibacter_saccharivorans,Bacteria,Firmicutes,Clostridia,Clostridiales,Lachnospiraceae,Fusicatenibacter,Fusicatenibacter_saccharivorans,0.01380627706348607,1,0
k__Bacteria|p__Firmicutes|c__Clostridia|o__Clostridiales|f__Lachnospiraceae|g__Lachnoclostridium|s__Clostridium_symbiosum,Bacteria,Firmicutes,Clostridia,Clostridiales,Lachnospiraceae,Lachnoclostridium,Clostridium_symbiosum,3.821792676991918e-5,6,0
k__Bacteria|p__Firmicutes|c__Bacilli|o__Lactobacillales|f__Streptococcaceae|g__Streptococcus|s__Streptococcus_gordonii,Bacteria,Firmicutes,Bacilli,Lactobacillales,Streptococcaceae,Streptococcus,Streptococcus_gordonii,2.768822908189548e-5,11,0
k__Bacteria|p__Firmicutes|c__Clostridia|o__Clostridiales|f__Lachnospiraceae|g__Tyzzerella|s__Tyzzerella_nexilis,Bacteria,Firmicutes,Clostridia,Clostridiales,Lachnospiraceae,Tyzzerella,Tyzzerella_nexilis,2.4586026337432945e-6,10,0
k__Bacteria|p__Bacteroidetes|c__Bacteroidia|o__Bacteroidales|f__Prevotellaceae|g__Prevotella|s__Prevotella_disiens,Bacteria,Bacteroidetes,Bacteroidia,Bacteroidales,Prevotellaceae,Prevotella,Prevotella_disiens,1.2092718302582076e-5,5,0
k__Bacteria|p__Firmicutes|c__Clostridia|o__Clostridiales|f__Ruminococcaceae|g__Ruminococcus|s__Ruminococcus_sp_CAG_488,Bacteria,Firmicutes,Clostridia,Clostridiales,Ruminococcaceae,Ruminococcus,Ruminococcus_sp_CAG_488,8.172117265331919e-4,4,0
k__Bacteria|p__Firmicutes|c__Clostridia|o__Clostridiales|f__Clostridiaceae|g__Clostridium|s__Clostridium_sp_CAG_242,Bacteria,Firmicutes,Clostridia,Clostridiales,Clostridiaceae,Clostridium,Clostridium_sp_CAG_242,2.832618493469851e-4,7,0
k__Bacteria|p__Bacteroidetes|c__Bacteroidia|o__Bacteroidales|f__Odoribacteraceae|g__Butyricimonas|s__Butyricimonas_virosa,Bacteria,Bacteroidetes,Bacteroidia,Bacteroidales,Odoribacteraceae,Butyricimonas,Butyricimonas_virosa,0.0019228075932895181,11,1
k__Bacteria|p__Firmicutes|c__Clostridia|o__Clostridiales|f__Clostridiaceae|g__Clostridium|s__Clostridium_perfringens,Bacteria,Firmicutes,Clostridia,Clostridiales,Clostridiaceae,Clostridium,Clostridium_perfringens,8.102302305021333e-7,10,0
k__Bacteria|p__Actinobacteria|c__Coriobacteriia|o__Coriobacteriales|f__Atopobiaceae|g__Olsenella|s__Olsenella_scatoligenes,Bacteria,Actinobacteria,Coriobacteriia,Coriobacteriales,Atopobiaceae,Olsenella,Olsenella_scatoligenes,8.343531230959548e-5,11,0
k__Bacteria|p__Firmicutes|c__Bacilli|o__Lactobacillales|f__Enterococcaceae|g__Enterococcus|s__Enterococcus_durans,Bacteria,Firmicutes,Bacilli,Lactobacillales,Enterococcaceae,Enterococcus,Enterococcus_durans,8.414723320688394e-6,10,0
k__Bacteria|p__Firmicutes|c__Clostridia|o__Clostridiales|f__Ruminococcaceae|g__Faecalibacterium|s__Faecalibacterium_prausnitzii,Bacteria,Firmicutes,Clostridia,Clostridiales,Ruminococcaceae,Faecalibacterium,Faecalibacterium_prausnitzii,0.07535645688802842,1,1
k__Bacteria|p__Proteobacteria|c__Gammaproteobacteria|o__Enterobacterales|f__Enterobacteriaceae|g__Klebsiella|s__Klebsiella_quasipneumoniae,Bacteria,Proteobacteria,Gammaproteobacteria,Enterobacterales,Enterobacteriaceae,Klebsiella,Klebsiella_quasipneumoniae,1.9169684207912276e-4,12,0
k__Bacteria|p__Bacteroidetes|c__Bacteroidia|o__Bacteroidales|f__Bacteroidaceae|g__Bacteroides|s__Bacteroides_stercoris,Bacteria,Bacteroidetes,Bacteroidia,Bacteroidales,Bacteroidaceae,Bacteroides,Bacteroides_stercoris,0.013721782665173493,2,0
k__Bacteria|p__Firmicutes|c__Negativicutes|o__Acidaminococcales|f__Acidaminococcaceae|g__Acidaminococcus|s__Acidaminococcus_fermentans,Bacteria,Firmicutes,Negativicutes,Acidaminococcales,Acidaminococcaceae,Acidaminococcus,Acidaminococcus_fermentans,1.0456880820099383e-4,10,0
k__Bacteria|p__Firmicutes|c__Clostridia|o__Clostridiales|f__Ruminococcaceae|g__Ruminococcus|s__Ruminococcus_sp_CAG_403,Bacteria,Firmicutes,Clostridia,Clostridiales,Ruminococcaceae,Ruminococcus,Ruminococcus_sp_CAG_403,4.590116978158206e-4,1,0
k__Bacteria|p__Actinobacteria|c__Coriobacteriia|o__Eggerthellales|f__Eggerthellaceae|g__Gordonibacter|s__Gordonibacter_pamelaeae,Bacteria,Actinobacteria,Coriobacteriia,Eggerthellales,Eggerthellaceae,Gordonibacter,Gordonibacter_pamelaeae,3.2476844887592213e-4,1,0
k__Bacteria|p__Firmicutes|c__Clostridia|o__Clostridiales|f__Ruminococcaceae|g__Ruminococcaceae_unclassified|s__Ruminococcaceae_bacterium_D5,Bacteria,Firmicutes,Clostridia,Clostridiales,Ruminococcaceae,Ruminococcaceae_unclassified,Ruminococcaceae_bacterium_D5,2.1765041309950751e-4,7,0
k__Bacteria|p__Firmicutes|c__Negativicutes|o__Veillonellales|f__Veillonellaceae|g__Dialister|s__Dialister_sp_CAG_357,Bacteria,Firmicutes,Negativicutes,Veillonellales,Veillonellaceae,Dialister,Dialister_sp_CAG_357,0.004109311598900147,3,0
k__Bacteria|p__Bacteroidetes|c__Bacteroidia|o__Bacteroidales|f__Bacteroidaceae|g__Bacteroides|s__Bacteroides_sp_CAG_661,Bacteria,Bacteroidetes,Bacteroidia,Bacteroidales,Bacteroidaceae,Bacteroides,Bacteroides_sp_CAG_661,9.999712228311954e-4,7,0
k__Bacteria|p__Spirochaetes|c__Spirochaetia|o__Brachyspirales|f__Brachyspiraceae|g__Brachyspira|s__Brachyspira_sp_CAG_700,Bacteria,Spirochaetes,Spirochaetia,Brachyspirales,Brachyspiraceae,Brachyspira,Brachyspira_sp_CAG_700,6.624516996712059e-5,12,0
k__Bacteria|p__Bacteroidetes|c__Bacteroidia|o__Bacteroidales|f__Prevotellaceae|g__Paraprevotella|s__Paraprevotella_xylaniphila,Bacteria,Bacteroidetes,Bacteroidia,Bacteroidales,Prevotellaceae,Paraprevotella,Paraprevotella_xylaniphila,0.0027040205133570627,8,1
k__Bacteria|p__Firmicutes|c__Clostridia|o__Clostridiales|f__Clostridiaceae|g__Clostridium|s__Clostridium_sp_CAG_58,Bacteria,Firmicutes,Clostridia,Clostridiales,Clostridiaceae,Clostridium,Clostridium_sp_CAG_58,0.001069902286425863,2,0
k__Bacteria|p__Firmicutes|c__Clostridia|o__Clostridiales|f__Clostridiaceae|g__Butyricicoccus|s__Butyricicoccus_pullicaecorum,Bacteria,Firmicutes,Clostridia,Clostridiales,Clostridiaceae,Butyricicoccus,Butyricicoccus_pullicaecorum,1.133297038243838e-4,1,0
k__Bacteria|p__Firmicutes|c__Clostridia|o__Clostridiales|f__Ruminococcaceae|g__Ruminococcus|s__Ruminococcus_sp_CAG_330,Bacteria,Firmicutes,Clostridia,Clostridiales,Ruminococcaceae,Ruminococcus,Ruminococcus_sp_CAG_330,2.961198431878908e-4,3,0
k__Bacteria|p__Synergistetes|c__Synergistia|o__Synergistales|f__Synergistaceae|g__Cloacibacillus|s__Cloacibacillus_porcorum,Bacteria,Synergistetes,Synergistia,Synergistales,Synergistaceae,Cloacibacillus,Cloacibacillus_porcorum,6.08444962250187e-5,7,1
k__Bacteria|p__Proteobacteria|c__Gammaproteobacteria|o__Aeromonadales|f__Succinivibrionaceae|g__Succinatimonas|s__Succinatimonas_hippei,Bacteria,Proteobacteria,Gammaproteobacteria,Aeromonadales,Succinivibrionaceae,Succinatimonas,Succinatimonas_hippei,1.7439799797412205e-5,8,0
k__Bacteria|p__Firmicutes|c__Clostridia|o__Clostridiales|f__Lachnospiraceae|g__Lachnoclostridium|s__Clostridium_scindens,Bacteria,Firmicutes,Clostridia,Clostridiales,Lachnospiraceae,Lachnoclostridium,Clostridium_scindens,2.2316682991131416e-6,10,0
k__Bacteria|p__Bacteroidetes|c__Bacteroidia|o__Bacteroidales|f__Bacteroidaceae|g__Bacteroides|s__Bacteroides_massiliensis,Bacteria,Bacteroidetes,Bacteroidia,Bacteroidales,Bacteroidaceae,Bacteroides,Bacteroides_massiliensis,0.0036485152682584447,3,0
k__Bacteria|p__Bacteroidetes|c__Bacteroidia|o__Bacteroidales|f__Tannerellaceae|g__Parabacteroides|s__Parabacteroides_sp_CAG_409,Bacteria,Bacteroidetes,Bacteroidia,Bacteroidales,Tannerellaceae,Parabacteroides,Parabacteroides_sp_CAG_409,0.0013286868492270523,8,0
k__Bacteria|p__Bacteroidetes|c__Bacteroidia|o__Bacteroidales|f__Tannerellaceae|g__Parabacteroides|s__Parabacteroides_johnsonii,Bacteria,Bacteroidetes,Bacteroidia,Bacteroidales,Tannerellaceae,Parabacteroides,Parabacteroides_johnsonii,0.0016356985670908228,7,0
k__Bacteria|p__Bacteroidetes|c__Bacteroidia|o__Bacteroidales|f__Bacteroidaceae|g__Bacteroides|s__Bacteroides_xylanisolvens,Bacteria,Bacteroidetes,Bacteroidia,Bacteroidales,Bacteroidaceae,Bacteroides,Bacteroides_xylanisolvens,0.0033963394954467803,5,0
k__Bacteria|p__Firmicutes|c__Clostridia|o__Clostridiales|f__Ruminococcaceae|g__Ruminococcus|s__Ruminococcus_obeum_CAG_39,Bacteria,Firmicutes,Clostridia,Clostridiales,Ruminococcaceae,Ruminococcus,Ruminococcus_obeum_CAG_39,6.232822913848015e-5,2,0
k__Bacteria|p__Firmicutes|c__Clostridia|o__Clostridiales|f__Eubacteriaceae|g__Eubacterium|s__Eubacterium_sp_CAG_274,Bacteria,Firmicutes,Clostridia,Clostridiales,Eubacteriaceae,Eubacterium,Eubacterium_sp_CAG_274,7.38339807254742e-4,1,0
k__Bacteria|p__Bacteroidetes|c__Bacteroidia|o__Bacteroidales|f__Bacteroidaceae|g__Bacteroides|s__Bacteroides_finegoldii,Bacteria,Bacteroidetes,Bacteroidia,Bacteroidales,Bacteroidaceae,Bacteroides,Bacteroides_finegoldii,0.0010915398146195685,3,0
k__Bacteria|p__Bacteroidetes|c__Bacteroidia|o__Bacteroidales|f__Bacteroidaceae|g__Bacteroides|s__Bacteroides_caccae,Bacteria,Bacteroidetes,Bacteroidia,Bacteroidales,Bacteroidaceae,Bacteroides,Bacteroides_caccae,0.008503038503404257,5,0
k__Bacteria|p__Bacteroidetes|c__Bacteroidia|o__Bacteroidales|f__Prevotellaceae|g__Prevotella|s__Prevotella_sp_885,Bacteria,Bacteroidetes,Bacteroidia,Bacteroidales,Prevotellaceae,Prevotella,Prevotella_sp_885,0.003035264254280248,4,0
k__Bacteria|p__Firmicutes|c__Clostridia|o__Clostridiales|f__Lachnospiraceae|g__Anaerostipes|s__Anaerostipes_hadrus,Bacteria,Firmicutes,Clostridia,Clostridiales,Lachnospiraceae,Anaerostipes,Anaerostipes_hadrus,0.006184334819519314,1,0
k__Bacteria|p__Firmicutes|c__Clostridia|o__Clostridiales|f__Lachnospiraceae|g__Eisenbergiella|s__Eisenbergiella_massiliensis,Bacteria,Firmicutes,Clostridia,Clostridiales,Lachnospiraceae,Eisenbergiella,Eisenbergiella_massiliensis,1.1341930371273846e-4,5,0
k__Bacteria|p__Firmicutes|c__Clostridia|o__Clostridiales|f__Lachnospiraceae|g__Lachnoclostridium|s__Clostridium_bolteae,Bacteria,Firmicutes,Clostridia,Clostridiales,Lachnospiraceae,Lachnoclostridium,Clostridium_bolteae,8.84004087592467e-5,5,0
k__Bacteria|p__Bacteroidetes|c__Bacteroidia|o__Bacteroidales|f__Bacteroidaceae|g__Bacteroides|s__Bacteroides_sp_CAG_530,Bacteria,Bacteroidetes,Bacteroidia,Bacteroidales,Bacteroidaceae,Bacteroides,Bacteroides_sp_CAG_530,1.797638784547143e-4,4,0
k__Bacteria|p__Actinobacteria|c__Actinobacteria|o__Micrococcales|f__Micrococcaceae|g__Rothia|s__Rothia_dentocariosa,Bacteria,Actinobacteria,Actinobacteria,Micrococcales,Micrococcaceae,Rothia,Rothia_dentocariosa,9.415199486441762e-6,11,0
k__Bacteria|p__Firmicutes|c__Clostridia|o__Clostridiales|f__Lachnospiraceae|g__Anaerotignum|s__Anaerotignum_lactatifermentans,Bacteria,Firmicutes,Clostridia,Clostridiales,Lachnospiraceae,Anaerotignum,Anaerotignum_lactatifermentans,1.6832617076218366e-4,2,0
k__Bacteria|p__Firmicutes|c__Bacilli|o__Lactobacillales|f__Enterococcaceae|g__Enterococcus|s__Enterococcus_faecalis,Bacteria,Firmicutes,Bacilli,Lactobacillales,Enterococcaceae,Enterococcus,Enterococcus_faecalis,1.1081115453682068e-4,9,0
k__Bacteria|p__Firmicutes|c__Clostridia|o__Clostridiales|f__Ruminococcaceae|g__Harryflintia|s__Harryflintia_acetispora,Bacteria,Firmicutes,Clostridia,Clostridiales,Ruminococcaceae,Harryflintia,Harryflintia_acetispora,8.91603850670254e-6,10,0
k__Bacteria|p__Bacteroidetes|c__Bacteroidia|o__Bacteroidales|f__Bacteroidaceae|g__Bacteroides|s__Bacteroides_sp_CAG_144,Bacteria,Bacteroidetes,Bacteroidia,Bacteroidales,Bacteroidaceae,Bacteroides,Bacteroides_sp_CAG_144,0.0032091127047077675,8,0
k__Bacteria|p__Firmicutes|c__Clostridia|o__Clostridiales|f__Lachnospiraceae|g__Dorea|s__Dorea_formicigenerans,Bacteria,Firmicutes,Clostridia,Clostridiales,Lachnospiraceae,Dorea,Dorea_formicigenerans,0.002029935788464114,1,0
k__Bacteria|p__Firmicutes|c__Negativicutes|o__Selenomonadales|f__Selenomonadaceae|g__Megamonas|s__Megamonas_hypermegale,Bacteria,Firmicutes,Negativicutes,Selenomonadales,Selenomonadaceae,Megamonas,Megamonas_hypermegale,1.7685676867395135e-5,4,0
k__Bacteria|p__Firmicutes|c__Clostridia|o__Clostridiales|f__Oscillospiraceae|g__Oscillibacter|s__Oscillibacter_sp_57_20,Bacteria,Firmicutes,Clostridia,Clostridiales,Oscillospiraceae,Oscillibacter,Oscillibacter_sp_57_20,0.008804602719109577,6,0
k__Bacteria|p__Firmicutes|c__Clostridia|o__Clostridiales|f__Lachnospiraceae|g__Lachnospira|s__Lachnospira_pectinoschiza,Bacteria,Firmicutes,Clostridia,Clostridiales,Lachnospiraceae,Lachnospira,Lachnospira_pectinoschiza,0.009054944663485704,3,0
k__Bacteria|p__Firmicutes|c__Negativicutes|o__Veillonellales|f__Veillonellaceae|g__Allisonella|s__Allisonella_histaminiformans,Bacteria,Firmicutes,Negativicutes,Veillonellales,Veillonellaceae,Allisonella,Allisonella_histaminiformans,7.91059210783118e-5,11,0
k__Bacteria|p__Firmicutes|c__Clostridia|o__Clostridiales|f__Lachnospiraceae|g__Eisenbergiella|s__Eisenbergiella_tayi,Bacteria,Firmicutes,Clostridia,Clostridiales,Lachnospiraceae,Eisenbergiella,Eisenbergiella_tayi,1.6893282965417563e-4,5,0
k__Bacteria|p__Firmicutes|c__Negativicutes|o__Veillonellales|f__Veillonellaceae|g__Megasphaera|s__Megasphaera_elsdenii,Bacteria,Firmicutes,Negativicutes,Veillonellales,Veillonellaceae,Megasphaera,Megasphaera_elsdenii,1.5916290879692115e-4,8,0
k__Bacteria|p__Firmicutes|c__Erysipelotrichia|o__Erysipelotrichales|f__Erysipelotrichaceae|g__Faecalicoccus|s__Faecalicoccus_pleomorphus,Bacteria,Firmicutes,Erysipelotrichia,Erysipelotrichales,Erysipelotrichaceae,Faecalicoccus,Faecalicoccus_pleomorphus,6.316576768261344e-5,7,0
k__Bacteria|p__Actinobacteria|c__Actinobacteria|o__Bifidobacteriales|f__Bifidobacteriaceae|g__Bifidobacterium|s__Bifidobacterium_animalis,Bacteria,Actinobacteria,Actinobacteria,Bifidobacteriales,Bifidobacteriaceae,Bifidobacterium,Bifidobacterium_animalis,3.8635042688243774e-5,4,0
k__Bacteria|p__Actinobacteria|c__Actinobacteria|o__Bifidobacteriales|f__Bifidobacteriaceae|g__Aeriscardovia|s__Aeriscardovia_aeriphila,Bacteria,Actinobacteria,Actinobacteria,Bifidobacteriales,Bifidobacteriaceae,Aeriscardovia,Aeriscardovia_aeriphila,1.0722030096425921e-5,11,0
k__Bacteria|p__Firmicutes|c__Clostridia|o__Clostridiales|f__Lachnospiraceae|g__Lachnoclostridium|s__Clostridium_saccharolyticum,Bacteria,Firmicutes,Clostridia,Clostridiales,Lachnospiraceae,Lachnoclostridium,Clostridium_saccharolyticum,5.784452745624642e-5,5,0
k__Bacteria|p__Firmicutes|c__Clostridia|o__Clostridiales|f__Lachnospiraceae|g__Lachnoclostridium|s__Lachnoclostridium_sp_An138,Bacteria,Firmicutes,Clostridia,Clostridiales,Lachnospiraceae,Lachnoclostridium,Lachnoclostridium_sp_An138,3.8548566154043484e-7,10,1
k__Bacteria|p__Firmicutes|c__Clostridia|o__Clostridiales|f__Clostridiaceae|g__Clostridium|s__Clostridium_celatum,Bacteria,Firmicutes,Clostridia,Clostridiales,Clostridiaceae,Clostridium,Clostridium_celatum,2.264491753008022e-6,10,0
k__Bacteria|p__Bacteroidetes|c__Bacteroidia|o__Bacteroidales|f__Porphyromonadaceae|g__Sanguibacteroides|s__Sanguibacteroides_justesenii,Bacteria,Bacteroidetes,Bacteroidia,Bacteroidales,Porphyromonadaceae,Sanguibacteroides,Sanguibacteroides_justesenii,6.206581839068906e-5,7,0
k__Bacteria|p__Actinobacteria|c__Actinobacteria|o__Bifidobacteriales|f__Bifidobacteriaceae|g__Bifidobacterium|s__Bifidobacterium_pseudocatenulatum,Bacteria,Actinobacteria,Actinobacteria,Bifidobacteriales,Bifidobacteriaceae,Bifidobacterium,Bifidobacterium_pseudocatenulatum,0.0024798310672049036,1,0
k__Bacteria|p__Firmicutes|c__Bacilli|o__Lactobacillales|f__Streptococcaceae|g__Streptococcus|s__Streptococcus_parasanguinis,Bacteria,Firmicutes,Bacilli,Lactobacillales,Streptococcaceae,Streptococcus,Streptococcus_parasanguinis,3.43489378652974e-4,1,0
k__Bacteria|p__Bacteroidetes|c__Bacteroidia|o__Bacteroidales|f__Bacteroidaceae|g__Bacteroides|s__Bacteroides_sp_43_108,Bacteria,Bacteroidetes,Bacteroidia,Bacteroidales,Bacteroidaceae,Bacteroides,Bacteroides_sp_43_108,7.751095251780765e-5,3,0
k__Bacteria|p__Bacteroidetes|c__Bacteroidia|o__Bacteroidales|f__Odoribacteraceae|g__Odoribacter|s__Odoribacter_laneus,Bacteria,Bacteroidetes,Bacteroidia,Bacteroidales,Odoribacteraceae,Odoribacter,Odoribacter_laneus,8.945370563558039e-5,7,0
k__Archaea|p__Euryarchaeota|c__Methanobacteria|o__Methanobacteriales|f__Methanobacteriaceae|g__Methanobrevibacter|s__Methanobrevibacter_smithii,Archaea,Euryarchaeota,Methanobacteria,Methanobacteriales,Methanobacteriaceae,Methanobrevibacter,Methanobrevibacter_smithii,0.0023061827961794847,7,0
k__Bacteria|p__Actinobacteria|c__Actinobacteria|o__Bifidobacteriales|f__Bifidobacteriaceae|g__Bifidobacterium|s__Bifidobacterium_breve,Bacteria,Actinobacteria,Actinobacteria,Bifidobacteriales,Bifidobacteriaceae,Bifidobacterium,Bifidobacterium_breve,2.1269074819919073e-4,1,0
k__Bacteria|p__Firmicutes|c__Firmicutes_unclassified|o__Firmicutes_unclassified|f__Firmicutes_unclassified|g__Firmicutes_unclassified|s__Firmicutes_bacterium_CAG_170,Bacteria,Firmicutes,Firmicutes_unclassified,Firmicutes_unclassified,Firmicutes_unclassified,Firmicutes_unclassified,Firmicutes_bacterium_CAG_170,0.0028871628045095262,3,0
k__Bacteria|p__Bacteroidetes|c__Bacteroidia|o__Bacteroidales|f__Tannerellaceae|g__Parabacteroides|s__Parabacteroides_merdae,Bacteria,Bacteroidetes,Bacteroidia,Bacteroidales,Tannerellaceae,Parabacteroides,Parabacteroides_merdae,0.009377296871295059,5,0
k__Bacteria|p__Firmicutes|c__Negativicutes|o__Veillonellales|f__Veillonellaceae|g__Megasphaera|s__Megasphaera_micronuciformis,Bacteria,Firmicutes,Negativicutes,Veillonellales,Veillonellaceae,Megasphaera,Megasphaera_micronuciformis,1.0080712763421159e-5,8,0
k__Bacteria|p__Firmicutes|c__Clostridia|o__Clostridiales|f__Clostridiales_unclassified|g__Lawsonibacter|s__Lawsonibacter_asaccharolyticus,Bacteria,Firmicutes,Clostridia,Clostridiales,Clostridiales_unclassified,Lawsonibacter,Lawsonibacter_asaccharolyticus,9.908083149161038e-4,5,0
k__Bacteria|p__Lentisphaerae|c__Lentisphaeria|o__Victivallales|f__Victivallaceae|g__Victivallis|s__Victivallis_vadensis,Bacteria,Lentisphaerae,Lentisphaeria,Victivallales,Victivallaceae,Victivallis,Victivallis_vadensis,2.0769017918511134e-4,8,0
k__Bacteria|p__Bacteroidetes|c__Bacteroidia|o__Bacteroidales|f__Bacteroidaceae|g__Bacteroides|s__Bacteroides_coprocola,Bacteria,Bacteroidetes,Bacteroidia,Bacteroidales,Bacteroidaceae,Bacteroides,Bacteroides_coprocola,0.0023717677044429487,8,0
k__Bacteria|p__Firmicutes|c__Clostridia|o__Clostridiales|f__Lachnospiraceae|g__Blautia|s__Blautia_hydrogenotrophica,Bacteria,Firmicutes,Clostridia,Clostridiales,Lachnospiraceae,Blautia,Blautia_hydrogenotrophica,2.255961546178389e-5,9,0
k__Bacteria|p__Firmicutes|c__Clostridia|o__Clostridiales|f__Oscillospiraceae|g__Oscillibacter|s__Oscillibacter_sp_PC13,Bacteria,Firmicutes,Clostridia,Clostridiales,Oscillospiraceae,Oscillibacter,Oscillibacter_sp_PC13,1.292150445581361e-5,10,0
k__Bacteria|p__Firmicutes|c__Negativicutes|o__Veillonellales|f__Veillonellaceae|g__Veillonella|s__Veillonella_dispar,Bacteria,Firmicutes,Negativicutes,Veillonellales,Veillonellaceae,Veillonella,Veillonella_dispar,9.138179158429579e-5,8,0
k__Bacteria|p__Firmicutes|c__Clostridia|o__Clostridiales|f__Ruminococcaceae|g__Ruminococcaceae_unclassified|s__Ruminococcaceae_bacterium_D16,Bacteria,Firmicutes,Clostridia,Clostridiales,Ruminococcaceae,Ruminococcaceae_unclassified,Ruminococcaceae_bacterium_D16,2.8541975315117158e-5,6,0
k__Bacteria|p__Firmicutes|c__Clostridia|o__Clostridiales|f__Clostridiales_unclassified|g__Intestinimonas|s__Intestinimonas_butyriciproducens,Bacteria,Firmicutes,Clostridia,Clostridiales,Clostridiales_unclassified,Intestinimonas,Intestinimonas_butyriciproducens,2.3533226951128966e-4,5,0
k__Bacteria|p__Firmicutes|c__Clostridia|o__Clostridiales|f__Ruminococcaceae|g__Flavonifractor|s__Flavonifractor_plautii,Bacteria,Firmicutes,Clostridia,Clostridiales,Ruminococcaceae,Flavonifractor,Flavonifractor_plautii,0.0016901701842647193,5,0
k__Bacteria|p__Firmicutes|c__Clostridia|o__Clostridiales|f__Ruminococcaceae|g__Pseudoflavonifractor|s__Pseudoflavonifractor_sp_An184,Bacteria,Firmicutes,Clostridia,Clostridiales,Ruminococcaceae,Pseudoflavonifractor,Pseudoflavonifractor_sp_An184,5.367760192575538e-5,4,1
k__Bacteria|p__Bacteroidetes|c__Bacteroidia|o__Bacteroidales|f__Rikenellaceae|g__Alistipes|s__Alistipes_sp_An31A,Bacteria,Bacteroidetes,Bacteroidia,Bacteroidales,Rikenellaceae,Alistipes,Alistipes_sp_An31A,8.555547087248739e-4,11,0
k__Bacteria|p__Bacteroidetes|c__Bacteroidia|o__Bacteroidales|f__Bacteroidaceae|g__Bacteroides|s__Bacteroides_sp_CAG_598,Bacteria,Bacteroidetes,Bacteroidia,Bacteroidales,Bacteroidaceae,Bacteroides,Bacteroides_sp_CAG_598,8.367699126549191e-4,1,0
k__Bacteria|p__Bacteroidetes|c__Bacteroidia|o__Bacteroidales|f__Bacteroidaceae|g__Bacteroides|s__Bacteroides_faecis,Bacteria,Bacteroidetes,Bacteroidia,Bacteroidales,Bacteroidaceae,Bacteroides,Bacteroides_faecis,0.0017466951080027347,5,0
k__Bacteria|p__Bacteroidetes|c__Bacteroidia|o__Bacteroidales|f__Bacteroidaceae|g__Bacteroides|s__Bacteroides_clarus,Bacteria,Bacteroidetes,Bacteroidia,Bacteroidales,Bacteroidaceae,Bacteroides,Bacteroides_clarus,0.0011727310860958184,3,0
k__Bacteria|p__Firmicutes|c__Bacilli|o__Lactobacillales|f__Enterococcaceae|g__Enterococcus|s__Enterococcus_faecium,Bacteria,Firmicutes,Bacilli,Lactobacillales,Enterococcaceae,Enterococcus,Enterococcus_faecium,6.638989732449087e-5,1,0
k__Bacteria|p__Firmicutes|c__Clostridia|o__Clostridiales|f__Lachnospiraceae|g__Dorea|s__Dorea_longicatena,Bacteria,Firmicutes,Clostridia,Clostridiales,Lachnospiraceae,Dorea,Dorea_longicatena,0.006318989120536532,1,0
k__Bacteria|p__Firmicutes|c__Negativicutes|o__Selenomonadales|f__Selenomonadaceae|g__Mitsuokella|s__Mitsuokella_multacida,Bacteria,Firmicutes,Negativicutes,Selenomonadales,Selenomonadaceae,Mitsuokella,Mitsuokella_multacida,0.0011233224865266254,8,0
k__Bacteria|p__Firmicutes|c__Bacilli|o__Lactobacillales|f__Lactobacillaceae|g__Lactobacillus|s__Lactobacillus_fermentum,Bacteria,Firmicutes,Bacilli,Lactobacillales,Lactobacillaceae,Lactobacillus,Lactobacillus_fermentum,1.9808567134599312e-6,10,0
k__Bacteria|p__Bacteroidetes|c__Bacteroidia|o__Bacteroidales|f__Prevotellaceae|g__Prevotella|s__Prevotella_sp_CAG_1185,Bacteria,Bacteroidetes,Bacteroidia,Bacteroidales,Prevotellaceae,Prevotella,Prevotella_sp_CAG_1185,2.3292706786348937e-4,7,0
k__Bacteria|p__Firmicutes|c__Clostridia|o__Clostridiales|f__Lachnospiraceae|g__Lachnoclostridium|s__Lachnoclostridium_sp_An131,Bacteria,Firmicutes,Clostridia,Clostridiales,Lachnospiraceae,Lachnoclostridium,Lachnoclostridium_sp_An131,4.617463926390266e-6,10,0
k__Bacteria|p__Proteobacteria|c__Gammaproteobacteria|o__Enterobacterales|f__Enterobacteriaceae|g__Citrobacter|s__Citrobacter_youngae,Bacteria,Proteobacteria,Gammaproteobacteria,Enterobacterales,Enterobacteriaceae,Citrobacter,Citrobacter_youngae,2.9743988278212504e-5,3,0
k__Bacteria|p__Firmicutes|c__Erysipelotrichia|o__Erysipelotrichales|f__Erysipelotrichaceae|g__Erysipelatoclostridium|s__Clostridium_innocuum,Bacteria,Firmicutes,Erysipelotrichia,Erysipelotrichales,Erysipelotrichaceae,Erysipelatoclostridium,Clostridium_innocuum,1.440586972052874e-4,1,0
k__Bacteria|p__Firmicutes|c__Clostridia|o__Clostridiales|f__Lachnospiraceae|g__Sellimonas|s__Sellimonas_intestinalis,Bacteria,Firmicutes,Clostridia,Clostridiales,Lachnospiraceae,Sellimonas,Sellimonas_intestinalis,1.5396663853286814e-4,1,0
k__Bacteria|p__Firmicutes|c__Clostridia|o__Clostridiales|f__Lachnospiraceae|g__Blautia|s__Ruminococcus_gnavus,Bacteria,Firmicutes,Clostridia,Clostridiales,Lachnospiraceae,Blautia,Ruminococcus_gnavus,5.32300088954984e-4,1,0
k__Bacteria|p__Firmicutes|c__Clostridia|o__Clostridiales|f__Eubacteriaceae|g__Eubacterium|s__Eubacterium_sp_OM08_24,Bacteria,Firmicutes,Clostridia,Clostridiales,Eubacteriaceae,Eubacterium,Eubacterium_sp_OM08_24,2.8187118774984442e-5,2,0
k__Bacteria|p__Firmicutes|c__Bacilli|o__Lactobacillales|f__Leuconostocaceae|g__Leuconostoc|s__Leuconostoc_pseudomesenteroides,Bacteria,Firmicutes,Bacilli,Lactobacillales,Leuconostocaceae,Leuconostoc,Leuconostoc_pseudomesenteroides,7.347361970983464e-6,1,1
k__Bacteria|p__Firmicutes|c__Bacilli|o__Lactobacillales|f__Lactobacillaceae|g__Lactobacillus|s__Lactobacillus_rogosae,Bacteria,Firmicutes,Bacilli,Lactobacillales,Lactobacillaceae,Lactobacillus,Lactobacillus_rogosae,2.82993625843131e-4,3,0
k__Bacteria|p__Actinobacteria|c__Actinobacteria|o__Bifidobacteriales|f__Bifidobacteriaceae|g__Alloscardovia|s__Alloscardovia_omnicolens,Bacteria,Actinobacteria,Actinobacteria,Bifidobacteriales,Bifidobacteriaceae,Alloscardovia,Alloscardovia_omnicolens,3.7636511711258386e-7,10,1
k__Bacteria|p__Fusobacteria|c__Fusobacteriia|o__Fusobacteriales|f__Fusobacteriaceae|g__Fusobacterium|s__Fusobacterium_sp_CAG_439,Bacteria,Fusobacteria,Fusobacteriia,Fusobacteriales,Fusobacteriaceae,Fusobacterium,Fusobacterium_sp_CAG_439,2.911384918246267e-5,7,0
k__Bacteria|p__Firmicutes|c__Clostridia|o__Clostridiales|f__Ruminococcaceae|g__Ruminococcaceae_unclassified|s__Clostridium_leptum,Bacteria,Firmicutes,Clostridia,Clostridiales,Ruminococcaceae,Ruminococcaceae_unclassified,Clostridium_leptum,4.117653445654334e-4,7,0
k__Bacteria|p__Firmicutes|c__Clostridia|o__Clostridiales|f__Peptostreptococcaceae|g__Romboutsia|s__Romboutsia_ilealis,Bacteria,Firmicutes,Clostridia,Clostridiales,Peptostreptococcaceae,Romboutsia,Romboutsia_ilealis,4.42960205667159e-5,1,0
k__Bacteria|p__Firmicutes|c__Erysipelotrichia|o__Erysipelotrichales|f__Erysipelotrichaceae|g__Holdemanella|s__Holdemanella_biformis,Bacteria,Firmicutes,Erysipelotrichia,Erysipelotrichales,Erysipelotrichaceae,Holdemanella,Holdemanella_biformis,7.938810859142036e-4,4,0
k__Bacteria|p__Actinobacteria|c__Actinobacteria|o__Actinomycetales|f__Actinomycetaceae|g__Actinomyces|s__Actinomyces_oris,Bacteria,Actinobacteria,Actinobacteria,Actinomycetales,Actinomycetaceae,Actinomyces,Actinomyces_oris,1.0416822354089466e-5,11,0
k__Bacteria|p__Firmicutes|c__Clostridia|o__Clostridiales|f__Lachnospiraceae|g__Roseburia|s__Roseburia_faecis,Bacteria,Firmicutes,Clostridia,Clostridiales,Lachnospiraceae,Roseburia,Roseburia_faecis,0.018602196102617454,1,0
k__Bacteria|p__Bacteroidetes|c__Bacteroidia|o__Bacteroidales|f__Bacteroidaceae|g__Bacteroides|s__Bacteroides_thetaiotaomicron,Bacteria,Bacteroidetes,Bacteroidia,Bacteroidales,Bacteroidaceae,Bacteroides,Bacteroides_thetaiotaomicron,0.007690115370543071,5,0
k__Bacteria|p__Proteobacteria|c__Gammaproteobacteria|o__Enterobacterales|f__Enterobacteriaceae|g__Escherichia|s__Escherichia_coli,Bacteria,Proteobacteria,Gammaproteobacteria,Enterobacterales,Enterobacteriaceae,Escherichia,Escherichia_coli,0.015621996709405912,9,0
k__Bacteria|p__Actinobacteria|c__Coriobacteriia|o__Coriobacteriales|f__Coriobacteriaceae|g__Enorma|s__Collinsella_massiliensis,Bacteria,Actinobacteria,Coriobacteriia,Coriobacteriales,Coriobacteriaceae,Enorma,Collinsella_massiliensis,5.378280172368614e-5,7,0
k__Bacteria|p__Firmicutes|c__Negativicutes|o__Veillonellales|f__Veillonellaceae|g__Veillonella|s__Veillonella_tobetsuensis,Bacteria,Firmicutes,Negativicutes,Veillonellales,Veillonellaceae,Veillonella,Veillonella_tobetsuensis,3.9495441295354895e-6,10,0
k__Bacteria|p__Proteobacteria|c__Gammaproteobacteria|o__Enterobacterales|f__Enterobacteriaceae|g__Klebsiella|s__Klebsiella_variicola,Bacteria,Proteobacteria,Gammaproteobacteria,Enterobacterales,Enterobacteriaceae,Klebsiella,Klebsiella_variicola,6.838651481178638e-4,12,0
k__Bacteria|p__Bacteroidetes|c__Bacteroidia|o__Bacteroidales|f__Rikenellaceae|g__Alistipes|s__Alistipes_putredinis,Bacteria,Bacteroidetes,Bacteroidia,Bacteroidales,Rikenellaceae,Alistipes,Alistipes_putredinis,0.04705782036862434,5,0
k__Bacteria|p__Firmicutes|c__Firmicutes_unclassified|o__Firmicutes_unclassified|f__Firmicutes_unclassified|g__Firmicutes_unclassified|s__Firmicutes_bacterium_CAG_238,Bacteria,Firmicutes,Firmicutes_unclassified,Firmicutes_unclassified,Firmicutes_unclassified,Firmicutes_unclassified,Firmicutes_bacterium_CAG_238,9.570089975127604e-4,7,0
k__Bacteria|p__Firmicutes|c__Erysipelotrichia|o__Erysipelotrichales|f__Erysipelotrichaceae|g__Faecalitalea|s__Faecalitalea_cylindroides,Bacteria,Firmicutes,Erysipelotrichia,Erysipelotrichales,Erysipelotrichaceae,Faecalitalea,Faecalitalea_cylindroides,2.846425537926228e-4,7,0
k__Bacteria|p__Actinobacteria|c__Actinobacteria|o__Bifidobacteriales|f__Bifidobacteriaceae|g__Bifidobacterium|s__Bifidobacterium_angulatum,Bacteria,Actinobacteria,Actinobacteria,Bifidobacteriales,Bifidobacteriaceae,Bifidobacterium,Bifidobacterium_angulatum,1.81693215781164e-4,4,0
k__Bacteria|p__Bacteroidetes|c__Bacteroidia|o__Bacteroidales|f__Rikenellaceae|g__Alistipes|s__Alistipes_inops,Bacteria,Bacteroidetes,Bacteroidia,Bacteroidales,Rikenellaceae,Alistipes,Alistipes_inops,0.006590359170758747,3,0
k__Bacteria|p__Bacteroidetes|c__Bacteroidia|o__Bacteroidales|f__Odoribacteraceae|g__Butyricimonas|s__Butyricimonas_synergistica,Bacteria,Bacteroidetes,Bacteroidia,Bacteroidales,Odoribacteraceae,Butyricimonas,Butyricimonas_synergistica,9.833200177712226e-4,5,0
k__Bacteria|p__Actinobacteria|c__Actinobacteria|o__Actinomycetales|f__Actinomycetaceae|g__Actinomyces|s__Actinomyces_odontolyticus,Bacteria,Actinobacteria,Actinobacteria,Actinomycetales,Actinomycetaceae,Actinomyces,Actinomyces_odontolyticus,2.718645487268225e-5,11,0
k__Bacteria|p__Firmicutes|c__Firmicutes_unclassified|o__Firmicutes_unclassified|f__Firmicutes_unclassified|g__Firmicutes_unclassified|s__Firmicutes_bacterium_CAG_791,Bacteria,Firmicutes,Firmicutes_unclassified,Firmicutes_unclassified,Firmicutes_unclassified,Firmicutes_unclassified,Firmicutes_bacterium_CAG_791,9.725507916799032e-5,4,0
k__Bacteria|p__Proteobacteria|c__Gammaproteobacteria|o__Pasteurellales|f__Pasteurellaceae|g__Haemophilus|s__Haemophilus_parainfluenzae,Bacteria,Proteobacteria,Gammaproteobacteria,Pasteurellales,Pasteurellaceae,Haemophilus,Haemophilus_parainfluenzae,2.245066572391202e-4,8,0
k__Bacteria|p__Firmicutes|c__Clostridia|o__Clostridiales|f__Clostridiaceae|g__Clostridium|s__Clostridium_paraputrificum,Bacteria,Firmicutes,Clostridia,Clostridiales,Clostridiaceae,Clostridium,Clostridium_paraputrificum,5.031174487531473e-7,10,0
k__Bacteria|p__Firmicutes|c__Clostridia|o__Clostridiales|f__Lachnospiraceae|g__Roseburia|s__Roseburia_inulinivorans,Bacteria,Firmicutes,Clostridia,Clostridiales,Lachnospiraceae,Roseburia,Roseburia_inulinivorans,0.00926117521800234,8,0
k__Bacteria|p__Bacteroidetes|c__Bacteroidia|o__Bacteroidales|f__Bacteroidaceae|g__Bacteroides|s__Bacteroides_sp_CAG_443,Bacteria,Bacteroidetes,Bacteroidia,Bacteroidales,Bacteroidaceae,Bacteroides,Bacteroides_sp_CAG_443,0.0014022220939285714,12,0
k__Bacteria|p__Firmicutes|c__Clostridia|o__Clostridiales|f__Lachnospiraceae|g__Blautia|s__Ruminococcus_torques,Bacteria,Firmicutes,Clostridia,Clostridiales,Lachnospiraceae,Blautia,Ruminococcus_torques,0.004609341374314931,1,0
k__Bacteria|p__Bacteroidetes|c__Bacteroidia|o__Bacteroidales|f__Tannerellaceae|g__Parabacteroides|s__Parabacteroides_goldsteinii,Bacteria,Bacteroidetes,Bacteroidia,Bacteroidales,Tannerellaceae,Parabacteroides,Parabacteroides_goldsteinii,0.0011026369288015434,3,0
k__Bacteria|p__Firmicutes|c__Clostridia|o__Clostridiales|f__Clostridiaceae|g__Clostridium|s__Clostridium_sp_CAG_510,Bacteria,Firmicutes,Clostridia,Clostridiales,Clostridiaceae,Clostridium,Clostridium_sp_CAG_510,0.0014062827649153962,7,0
k__Bacteria|p__Bacteroidetes|c__Bacteroidia|o__Bacteroidales|f__Bacteroidaceae|g__Bacteroides|s__Bacteroides_cellulosilyticus,Bacteria,Bacteroidetes,Bacteroidia,Bacteroidales,Bacteroidaceae,Bacteroides,Bacteroides_cellulosilyticus,0.009497002165629967,2,0
k__Bacteria|p__Firmicutes|c__Bacilli|o__Lactobacillales|f__Lactobacillaceae|g__Lactobacillus|s__Lactobacillus_gasseri,Bacteria,Firmicutes,Bacilli,Lactobacillales,Lactobacillaceae,Lactobacillus,Lactobacillus_gasseri,2.0479317538628507e-6,10,0
k__Bacteria|p__Firmicutes|c__Firmicutes_unclassified|o__Firmicutes_unclassified|f__Firmicutes_unclassified|g__Firmicutes_unclassified|s__Firmicutes_bacterium_CAG_95,Bacteria,Firmicutes,Firmicutes_unclassified,Firmicutes_unclassified,Firmicutes_unclassified,Firmicutes_unclassified,Firmicutes_bacterium_CAG_95,0.0015170552560914582,3,0
k__Bacteria|p__Firmicutes|c__Clostridia|o__Clostridiales|f__Lachnospiraceae|g__Roseburia|s__Roseburia_intestinalis,Bacteria,Firmicutes,Clostridia,Clostridiales,Lachnospiraceae,Roseburia,Roseburia_intestinalis,0.011301309605921466,1,0
k__Bacteria|p__Actinobacteria|c__Coriobacteriia|o__Coriobacteriales|f__Coriobacteriaceae|g__Collinsella|s__Collinsella_aerofaciens,Bacteria,Actinobacteria,Coriobacteriia,Coriobacteriales,Coriobacteriaceae,Collinsella,Collinsella_aerofaciens,0.007998524177914553,7,1
k__Bacteria|p__Actinobacteria|c__Actinobacteria|o__Bifidobacteriales|f__Bifidobacteriaceae|g__Bifidobacterium|s__Bifidobacterium_catenulatum,Bacteria,Actinobacteria,Actinobacteria,Bifidobacteriales,Bifidobacteriaceae,Bifidobacterium,Bifidobacterium_catenulatum,3.9321559513841715e-4,12,0
k__Bacteria|p__Firmicutes|c__Erysipelotrichia|o__Erysipelotrichales|f__Erysipelotrichaceae|g__Dielma|s__Dielma_fastidiosa,Bacteria,Firmicutes,Erysipelotrichia,Erysipelotrichales,Erysipelotrichaceae,Dielma,Dielma_fastidiosa,1.982193531455364e-4,5,0
k__Bacteria|p__Firmicutes|c__Firmicutes_unclassified|o__Firmicutes_unclassified|f__Firmicutes_unclassified|g__Firmicutes_unclassified|s__Firmicutes_bacterium_CAG_94,Bacteria,Firmicutes,Firmicutes_unclassified,Firmicutes_unclassified,Firmicutes_unclassified,Firmicutes_unclassified,Firmicutes_bacterium_CAG_94,3.1112063814970736e-4,7,0
k__Bacteria|p__Firmicutes|c__Firmicutes_unclassified|o__Firmicutes_unclassified|f__Firmicutes_unclassified|g__Firmicutes_unclassified|s__Firmicutes_bacterium_CAG_424,Bacteria,Firmicutes,Firmicutes_unclassified,Firmicutes_unclassified,Firmicutes_unclassified,Firmicutes_unclassified,Firmicutes_bacterium_CAG_424,2.359426154560277e-6,10,0
k__Bacteria|p__Firmicutes|c__Bacilli|o__Lactobacillales|f__Streptococcaceae|g__Streptococcus|s__Streptococcus_lutetiensis,Bacteria,Firmicutes,Bacilli,Lactobacillales,Streptococcaceae,Streptococcus,Streptococcus_lutetiensis,1.2212146685034812e-6,10,0
k__Bacteria|p__Proteobacteria|c__Gammaproteobacteria|o__Enterobacterales|f__Enterobacteriaceae|g__Raoultella|s__Raoultella_planticola,Bacteria,Proteobacteria,Gammaproteobacteria,Enterobacterales,Enterobacteriaceae,Raoultella,Raoultella_planticola,4.856475683762847e-6,10,0
k__Bacteria|p__Firmicutes|c__Bacilli|o__Lactobacillales|f__Lactobacillaceae|g__Lactobacillus|s__Lactobacillus_mucosae,Bacteria,Firmicutes,Bacilli,Lactobacillales,Lactobacillaceae,Lactobacillus,Lactobacillus_mucosae,1.657907771236395e-5,11,0
k__Bacteria|p__Bacteroidetes|c__Bacteroidia|o__Bacteroidales|f__Prevotellaceae|g__Prevotella|s__Prevotella_sp_CAG_1058,Bacteria,Bacteroidetes,Bacteroidia,Bacteroidales,Prevotellaceae,Prevotella,Prevotella_sp_CAG_1058,9.382484384197042e-4,3,0
k__Bacteria|p__Firmicutes|c__Clostridia|o__Clostridiales|f__Lachnospiraceae|g__Blautia|s__Blautia_coccoides,Bacteria,Firmicutes,Clostridia,Clostridiales,Lachnospiraceae,Blautia,Blautia_coccoides,1.063627586393467e-6,11,0
k__Bacteria|p__Actinobacteria|c__Coriobacteriia|o__Eggerthellales|f__Eggerthellaceae|g__Adlercreutzia|s__Adlercreutzia_equolifaciens,Bacteria,Actinobacteria,Coriobacteriia,Eggerthellales,Eggerthellaceae,Adlercreutzia,Adlercreutzia_equolifaciens,4.594011117236033e-4,1,1
k__Bacteria|p__Firmicutes|c__Clostridia|o__Clostridiales|f__Ruminococcaceae|g__Flavonifractor|s__Flavonifractor_sp_An10,Bacteria,Firmicutes,Clostridia,Clostridiales,Ruminococcaceae,Flavonifractor,Flavonifractor_sp_An10,2.852050145687311e-6,10,0
k__Bacteria|p__Firmicutes|c__Clostridia|o__Clostridiales|f__Oscillospiraceae|g__Oscillibacter|s__Oscillibacter_sp_CAG_241,Bacteria,Firmicutes,Clostridia,Clostridiales,Oscillospiraceae,Oscillibacter,Oscillibacter_sp_CAG_241,0.0036617326088842993,7,0
k__Bacteria|p__Firmicutes|c__Clostridia|o__Clostridiales|f__Eubacteriaceae|g__Eubacterium|s__Eubacterium_sp_CAG_180,Bacteria,Firmicutes,Clostridia,Clostridiales,Eubacteriaceae,Eubacterium,Eubacterium_sp_CAG_180,0.008600647167695043,1,0
k__Bacteria|p__Proteobacteria|c__Gammaproteobacteria|o__Enterobacterales|f__Enterobacteriaceae|g__Klebsiella|s__Klebsiella_pneumoniae,Bacteria,Proteobacteria,Gammaproteobacteria,Enterobacterales,Enterobacteriaceae,Klebsiella,Klebsiella_pneumoniae,0.002217035611040986,12,0
k__Bacteria|p__Proteobacteria|c__Gammaproteobacteria|o__Enterobacterales|f__Enterobacteriaceae|g__Klebsiella|s__Klebsiella_michiganensis,Bacteria,Proteobacteria,Gammaproteobacteria,Enterobacterales,Enterobacteriaceae,Klebsiella,Klebsiella_michiganensis,1.0414282261454651e-5,7,0
k__Bacteria|p__Firmicutes|c__Clostridia|o__Clostridiales|f__Eubacteriaceae|g__Eubacterium|s__Eubacterium_hallii,Bacteria,Firmicutes,Clostridia,Clostridiales,Eubacteriaceae,Eubacterium,Eubacterium_hallii,0.0033278540811575914,1,0
k__Bacteria|p__Actinobacteria|c__Coriobacteriia|o__Eggerthellales|f__Eggerthellaceae|g__Eggerthella|s__Eggerthella_lenta,Bacteria,Actinobacteria,Coriobacteriia,Eggerthellales,Eggerthellaceae,Eggerthella,Eggerthella_lenta,2.9974252354990734e-4,1,0
k__Bacteria|p__Firmicutes|c__Clostridia|o__Clostridiales|f__Lachnospiraceae|g__Butyrivibrio|s__Butyrivibrio_crossotus,Bacteria,Firmicutes,Clostridia,Clostridiales,Lachnospiraceae,Butyrivibrio,Butyrivibrio_crossotus,0.02030103483392768,4,0
k__Bacteria|p__Firmicutes|c__Clostridia|o__Clostridiales|f__Lachnospiraceae|g__Coprococcus|s__Coprococcus_comes,Bacteria,Firmicutes,Clostridia,Clostridiales,Lachnospiraceae,Coprococcus,Coprococcus_comes,0.0043921627051734385,1,0
k__Bacteria|p__Bacteroidetes|c__Bacteroidia|o__Bacteroidales|f__Bacteroidaceae|g__Bacteroides|s__Bacteroides_intestinalis,Bacteria,Bacteroidetes,Bacteroidia,Bacteroidales,Bacteroidaceae,Bacteroides,Bacteroides_intestinalis,0.0029699944100423604,3,0
k__Bacteria|p__Bacteroidetes|c__Bacteroidia|o__Bacteroidales|f__Bacteroidaceae|g__Bacteroides|s__Bacteroides_nordii,Bacteria,Bacteroidetes,Bacteroidia,Bacteroidales,Bacteroidaceae,Bacteroides,Bacteroides_nordii,2.8375883724859054e-5,3,0
k__Archaea|p__Euryarchaeota|c__Thermoplasmata|o__Methanomassiliicoccales|f__Methanomassiliicoccaceae|g__Methanomassiliicoccus|s__Candidatus_Methanomassiliicoccus_intestinalis,Archaea,Euryarchaeota,Thermoplasmata,Methanomassiliicoccales,Methanomassiliicoccaceae,Methanomassiliicoccus,Candidatus_Methanomassiliicoccus_intestinalis,1.4817926209126828e-4,7,0
k__Bacteria|p__Bacteroidetes|c__Bacteroidia|o__Bacteroidales|f__Prevotellaceae|g__Prevotella|s__Prevotella_stercorea,Bacteria,Bacteroidetes,Bacteroidia,Bacteroidales,Prevotellaceae,Prevotella,Prevotella_stercorea,4.652811395406245e-4,3,1
k__Bacteria|p__Proteobacteria|c__Gammaproteobacteria|o__Enterobacterales|f__Enterobacteriaceae|g__Enterobacter|s__Enterobacter_cloacae_complex,Bacteria,Proteobacteria,Gammaproteobacteria,Enterobacterales,Enterobacteriaceae,Enterobacter,Enterobacter_cloacae_complex,8.246356356975618e-5,1,0
k__Bacteria|p__Bacteroidetes|c__Bacteroidia|o__Bacteroidales|f__Rikenellaceae|g__Alistipes|s__Alistipes_onderdonkii,Bacteria,Bacteroidetes,Bacteroidia,Bacteroidales,Rikenellaceae,Alistipes,Alistipes_onderdonkii,4.655051497653264e-4,1,0
k__Bacteria|p__Firmicutes|c__Clostridia|o__Clostridiales|f__Clostridiaceae|g__Clostridium|s__Clostridium_sp_CAG_413,Bacteria,Firmicutes,Clostridia,Clostridiales,Clostridiaceae,Clostridium,Clostridium_sp_CAG_413,0.004036516675091868,4,0
k__Bacteria|p__Firmicutes|c__Clostridia|o__Clostridiales|f__Ruminococcaceae|g__Pseudoflavonifractor|s__Pseudoflavonifractor_capillosus,Bacteria,Firmicutes,Clostridia,Clostridiales,Ruminococcaceae,Pseudoflavonifractor,Pseudoflavonifractor_capillosus,4.778186795849701e-6,10,0
k__Bacteria|p__Actinobacteria|c__Actinobacteria|o__Actinomycetales|f__Actinomycetaceae|g__Actinomyces|s__Actinomyces_sp_oral_taxon_181,Bacteria,Actinobacteria,Actinobacteria,Actinomycetales,Actinomycetaceae,Actinomyces,Actinomyces_sp_oral_taxon_181,4.562442111182138e-6,11,0
k__Bacteria|p__Firmicutes|c__Firmicutes_unclassified|o__Firmicutes_unclassified|f__Firmicutes_unclassified|g__Firmicutes_unclassified|s__Firmicutes_bacterium_CAG_110,Bacteria,Firmicutes,Firmicutes_unclassified,Firmicutes_unclassified,Firmicutes_unclassified,Firmicutes_unclassified,Firmicutes_bacterium_CAG_110,0.0038750359859737616,4,0
k__Bacteria|p__Firmicutes|c__Erysipelotrichia|o__Erysipelotrichales|f__Erysipelotrichaceae|g__Massiliomicrobiota|s__Massiliomicrobiota_timonensis,Bacteria,Firmicutes,Erysipelotrichia,Erysipelotrichales,Erysipelotrichaceae,Massiliomicrobiota,Massiliomicrobiota_timonensis,5.122552589871375e-6,11,0
k__Bacteria|p__Actinobacteria|c__Actinobacteria|o__Micrococcales|f__Micrococcaceae|g__Rothia|s__Rothia_mucilaginosa,Bacteria,Actinobacteria,Actinobacteria,Micrococcales,Micrococcaceae,Rothia,Rothia_mucilaginosa,3.6500865984646086e-5,11,0
k__Bacteria|p__Bacteroidetes|c__Bacteroidia|o__Bacteroidales|f__Prevotellaceae|g__Prevotella|s__Prevotella_sp_CAG_1031,Bacteria,Bacteroidetes,Bacteroidia,Bacteroidales,Prevotellaceae,Prevotella,Prevotella_sp_CAG_1031,0.0032419013201055507,4,0
k__Bacteria|p__Actinobacteria|c__Actinobacteria|o__Propionibacteriales|f__Propionibacteriaceae|g__Propionibacterium|s__Propionibacterium_freudenreichii,Bacteria,Actinobacteria,Actinobacteria,Propionibacteriales,Propionibacteriaceae,Propionibacterium,Propionibacterium_freudenreichii,3.563105981649355e-5,4,0
